observation_id,metric_id,firm_network,entity_id,entity_name,entity_scope,jurisdiction,geography_original,geography_canonical,service_line_original,service_line_canonical,industry_original,industry_canonical,client_id,period_start,period_end,fiscal_year_label,calendar_year,as_of_date,value_original_text,value_numeric,value_low,value_high,unit_original,unit_canonical,scale_original,currency_original,value_in_original_currency,value_usd_nominal,value_usd_constant_price,fx_rate_used,fx_rate_type,inflation_index_used,observation_status,reported_calculated_proxy_or_estimate,definition_from_source,formula_or_transformation,numerator_observation_ids,denominator_observation_ids,sample_size,population_size,source_id,source_locator,source_excerpt,extraction_method,comparability_score,confidence_score,quality_flag,revision_flag,supersedes_observation_id,researcher_notes
obs_del_0067,global_revenue_service_line,Deloitte,ent_del_global,Deloitte organization,global_network,Global,,,Audit & Assurance,audit_assurance_attest,,,,2014-06-01,2015-05-31,FY2015,2015,,US$9.8 billion,9.8,,,US$ billion,USD,billion,USD,9800000000,9800000000,,,,,reported,reported,Aggregate Deloitte organization revenue attributed to the source-defined Audit & Assurance business/service line.,,,,,,src_del_metrics_2017,"performance table, financial metrics section",Audit & Assurance: US$9.8 billion,manual_source_extraction,4,5,rounding_possible,false,,Source classifications are preserved; categories may not map one-to-one to other networks.
obs_del_0068,global_revenue_service_line,Deloitte,ent_del_global,Deloitte organization,global_network,Global,,,Consulting,consulting_transformation_implementation,,,,2014-06-01,2015-05-31,FY2015,2015,,US$12.2 billion,12.2,,,US$ billion,USD,billion,USD,12200000000,12200000000,,,,,reported,reported,Aggregate Deloitte organization revenue attributed to the source-defined Consulting business/service line.,,,,,,src_del_metrics_2017,"performance table, financial metrics section",Consulting: US$12.2 billion,manual_source_extraction,4,5,rounding_possible,false,,Source classifications are preserved; categories may not map one-to-one to other networks.
obs_del_0069,global_revenue_service_line,Deloitte,ent_del_global,Deloitte organization,global_network,Global,,,Financial Advisory,strategy_deals_transactions_corporate_finance,,,,2014-06-01,2015-05-31,FY2015,2015,,US$3.1 billion,3.1,,,US$ billion,USD,billion,USD,3100000000,3100000000,,,,,reported,reported,Aggregate Deloitte organization revenue attributed to the source-defined Financial Advisory business/service line.,,,,,,src_del_metrics_2017,"performance table, financial metrics section",Financial Advisory: US$3.1 billion,manual_source_extraction,4,5,rounding_possible,false,,Source classifications are preserved; categories may not map one-to-one to other networks.
obs_del_0070,global_revenue_service_line,Deloitte,ent_del_global,Deloitte organization,global_network,Global,,,Risk Advisory,risk_cyber_forensics_compliance_resilience,,,,2014-06-01,2015-05-31,FY2015,2015,,US$3.5 billion,3.5,,,US$ billion,USD,billion,USD,3500000000,3500000000,,,,,reported,reported,Aggregate Deloitte organization revenue attributed to the source-defined Risk Advisory business/service line.,,,,,,src_del_metrics_2017,"performance table, financial metrics section",Risk Advisory: US$3.5 billion,manual_source_extraction,4,5,rounding_possible,false,,Source classifications are preserved; categories may not map one-to-one to other networks.
obs_del_0071,global_revenue_service_line,Deloitte,ent_del_global,Deloitte organization,global_network,Global,,,Tax & Legal,tax_legal,,,,2014-06-01,2015-05-31,FY2015,2015,,US$6.7 billion,6.7,,,US$ billion,USD,billion,USD,6700000000,6700000000,,,,,reported,reported,Aggregate Deloitte organization revenue attributed to the source-defined Tax & Legal business/service line.,,,,,,src_del_metrics_2017,"performance table, financial metrics section",Tax & Legal: US$6.7 billion,manual_source_extraction,4,5,rounding_possible,false,,Source classifications are preserved; categories may not map one-to-one to other networks.
obs_del_0072,global_revenue_service_line,Deloitte,ent_del_global,Deloitte organization,global_network,Global,,,Audit & Assurance,audit_assurance_attest,,,,2015-06-01,2016-05-31,FY2016,2016,,US$9.4 billion,9.4,,,US$ billion,USD,billion,USD,9400000000,9400000000,,,,,reported,reported,Aggregate Deloitte organization revenue attributed to the source-defined Audit & Assurance business/service line.,,,,,,src_del_metrics_2017,"performance table, financial metrics section",Audit & Assurance: US$9.4 billion,manual_source_extraction,4,5,rounding_possible,false,,Source classifications are preserved; categories may not map one-to-one to other networks.
obs_del_0073,global_revenue_service_line,Deloitte,ent_del_global,Deloitte organization,global_network,Global,,,Consulting,consulting_transformation_implementation,,,,2015-06-01,2016-05-31,FY2016,2016,,US$13.1 billion,13.1,,,US$ billion,USD,billion,USD,13100000000,13100000000,,,,,reported,reported,Aggregate Deloitte organization revenue attributed to the source-defined Consulting business/service line.,,,,,,src_del_metrics_2017,"performance table, financial metrics section",Consulting: US$13.1 billion,manual_source_extraction,4,5,rounding_possible,false,,Source classifications are preserved; categories may not map one-to-one to other networks.
obs_del_0074,global_revenue_service_line,Deloitte,ent_del_global,Deloitte organization,global_network,Global,,,Financial Advisory,strategy_deals_transactions_corporate_finance,,,,2015-06-01,2016-05-31,FY2016,2016,,US$3.3 billion,3.3,,,US$ billion,USD,billion,USD,3300000000,3300000000,,,,,reported,reported,Aggregate Deloitte organization revenue attributed to the source-defined Financial Advisory business/service line.,,,,,,src_del_metrics_2017,"performance table, financial metrics section",Financial Advisory: US$3.3 billion,manual_source_extraction,4,5,rounding_possible,false,,Source classifications are preserved; categories may not map one-to-one to other networks.
obs_del_0075,global_revenue_service_line,Deloitte,ent_del_global,Deloitte organization,global_network,Global,,,Risk Advisory,risk_cyber_forensics_compliance_resilience,,,,2015-06-01,2016-05-31,FY2016,2016,,US$4.1 billion,4.1,,,US$ billion,USD,billion,USD,4099999999.9999995232,4099999999.9999995232,,,,,reported,reported,Aggregate Deloitte organization revenue attributed to the source-defined Risk Advisory business/service line.,,,,,,src_del_metrics_2017,"performance table, financial metrics section",Risk Advisory: US$4.1 billion,manual_source_extraction,4,5,rounding_possible,false,,Source classifications are preserved; categories may not map one-to-one to other networks.
obs_del_0076,global_revenue_service_line,Deloitte,ent_del_global,Deloitte organization,global_network,Global,,,Tax & Legal,tax_legal,,,,2015-06-01,2016-05-31,FY2016,2016,,US$6.9 billion,6.9,,,US$ billion,USD,billion,USD,6900000000,6900000000,,,,,reported,reported,Aggregate Deloitte organization revenue attributed to the source-defined Tax & Legal business/service line.,,,,,,src_del_metrics_2017,"performance table, financial metrics section",Tax & Legal: US$6.9 billion,manual_source_extraction,4,5,rounding_possible,false,,Source classifications are preserved; categories may not map one-to-one to other networks.
obs_del_0077,global_revenue_service_line,Deloitte,ent_del_global,Deloitte organization,global_network,Global,,,Audit & Assurance,audit_assurance_attest,,,,2016-06-01,2017-05-31,FY2017,2017,,US$9.4 billion,9.4,,,US$ billion,USD,billion,USD,9400000000,9400000000,,,,,reported,reported,Aggregate Deloitte organization revenue attributed to the source-defined Audit & Assurance business/service line.,,,,,,src_del_metrics_2017,"performance table, financial metrics section",Audit & Assurance: US$9.4 billion,manual_source_extraction,4,5,rounding_possible,false,,Source classifications are preserved; categories may not map one-to-one to other networks.
obs_del_0078,global_revenue_service_line,Deloitte,ent_del_global,Deloitte organization,global_network,Global,,,Consulting,consulting_transformation_implementation,,,,2016-06-01,2017-05-31,FY2017,2017,,US$14.3 billion,14.3,,,US$ billion,USD,billion,USD,14300000000,14300000000,,,,,reported,reported,Aggregate Deloitte organization revenue attributed to the source-defined Consulting business/service line.,,,,,,src_del_metrics_2017,"performance table, financial metrics section",Consulting: US$14.3 billion,manual_source_extraction,4,5,rounding_possible,false,,Source classifications are preserved; categories may not map one-to-one to other networks.
obs_del_0079,global_revenue_service_line,Deloitte,ent_del_global,Deloitte organization,global_network,Global,,,Financial Advisory,strategy_deals_transactions_corporate_finance,,,,2016-06-01,2017-05-31,FY2017,2017,,US$3.4 billion,3.4,,,US$ billion,USD,billion,USD,3400000000,3400000000,,,,,reported,reported,Aggregate Deloitte organization revenue attributed to the source-defined Financial Advisory business/service line.,,,,,,src_del_metrics_2017,"performance table, financial metrics section",Financial Advisory: US$3.4 billion,manual_source_extraction,4,5,rounding_possible,false,,Source classifications are preserved; categories may not map one-to-one to other networks.
obs_del_0080,global_revenue_service_line,Deloitte,ent_del_global,Deloitte organization,global_network,Global,,,Risk Advisory,risk_cyber_forensics_compliance_resilience,,,,2016-06-01,2017-05-31,FY2017,2017,,US$4.5 billion,4.5,,,US$ billion,USD,billion,USD,4500000000,4500000000,,,,,reported,reported,Aggregate Deloitte organization revenue attributed to the source-defined Risk Advisory business/service line.,,,,,,src_del_metrics_2017,"performance table, financial metrics section",Risk Advisory: US$4.5 billion,manual_source_extraction,4,5,rounding_possible,false,,Source classifications are preserved; categories may not map one-to-one to other networks.
obs_del_0081,global_revenue_service_line,Deloitte,ent_del_global,Deloitte organization,global_network,Global,,,Tax & Legal,tax_legal,,,,2016-06-01,2017-05-31,FY2017,2017,,US$7.3 billion,7.3,,,US$ billion,USD,billion,USD,7300000000,7300000000,,,,,reported,reported,Aggregate Deloitte organization revenue attributed to the source-defined Tax & Legal business/service line.,,,,,,src_del_metrics_2017,"performance table, financial metrics section",Tax & Legal: US$7.3 billion,manual_source_extraction,4,5,rounding_possible,false,,Source classifications are preserved; categories may not map one-to-one to other networks.
obs_del_0082,global_revenue_service_line,Deloitte,ent_del_global,Deloitte organization,global_network,Global,,,Audit & Assurance,audit_assurance_attest,,,,2017-06-01,2018-05-31,FY2018,2018,,US$10.2 billion,10.2,,,US$ billion,USD,billion,USD,10200000000,10200000000,,,,,reported,reported,Aggregate Deloitte organization revenue attributed to the source-defined Audit & Assurance business/service line.,,,,,,src_del_metrics_2019,"performance metrics, business section",Audit & Assurance: US$10.2 billion,manual_source_extraction,4,5,rounding_possible,false,,Source classifications are preserved; categories may not map one-to-one to other networks.
obs_del_0083,global_revenue_service_line,Deloitte,ent_del_global,Deloitte organization,global_network,Global,,,Consulting,consulting_transformation_implementation,,,,2017-06-01,2018-05-31,FY2018,2018,,US$16.5 billion,16.5,,,US$ billion,USD,billion,USD,16500000000,16500000000,,,,,reported,reported,Aggregate Deloitte organization revenue attributed to the source-defined Consulting business/service line.,,,,,,src_del_metrics_2019,"performance metrics, business section",Consulting: US$16.5 billion,manual_source_extraction,4,5,rounding_possible,false,,Source classifications are preserved; categories may not map one-to-one to other networks.
obs_del_0084,global_revenue_service_line,Deloitte,ent_del_global,Deloitte organization,global_network,Global,,,Financial Advisory,strategy_deals_transactions_corporate_finance,,,,2017-06-01,2018-05-31,FY2018,2018,,US$3.6 billion,3.6,,,US$ billion,USD,billion,USD,3600000000,3600000000,,,,,reported,reported,Aggregate Deloitte organization revenue attributed to the source-defined Financial Advisory business/service line.,,,,,,src_del_metrics_2019,"performance metrics, business section",Financial Advisory: US$3.6 billion,manual_source_extraction,4,5,rounding_possible,false,,Source classifications are preserved; categories may not map one-to-one to other networks.
obs_del_0085,global_revenue_service_line,Deloitte,ent_del_global,Deloitte organization,global_network,Global,,,Risk Advisory,risk_cyber_forensics_compliance_resilience,,,,2017-06-01,2018-05-31,FY2018,2018,,US$5 billion,5,,,US$ billion,USD,billion,USD,5000000000,5000000000,,,,,reported,reported,Aggregate Deloitte organization revenue attributed to the source-defined Risk Advisory business/service line.,,,,,,src_del_metrics_2019,"performance metrics, business section",Risk Advisory: US$5 billion,manual_source_extraction,4,5,rounding_possible,false,,Source classifications are preserved; categories may not map one-to-one to other networks.
obs_del_0086,global_revenue_service_line,Deloitte,ent_del_global,Deloitte organization,global_network,Global,,,Tax & Legal,tax_legal,,,,2017-06-01,2018-05-31,FY2018,2018,,US$7.9 billion,7.9,,,US$ billion,USD,billion,USD,7900000000,7900000000,,,,,reported,reported,Aggregate Deloitte organization revenue attributed to the source-defined Tax & Legal business/service line.,,,,,,src_del_metrics_2019,"performance metrics, business section",Tax & Legal: US$7.9 billion,manual_source_extraction,4,5,rounding_possible,false,,Source classifications are preserved; categories may not map one-to-one to other networks.
obs_del_0087,global_revenue_service_line,Deloitte,ent_del_global,Deloitte organization,global_network,Global,,,Audit & Assurance,audit_assurance_attest,,,,2018-06-01,2019-05-31,FY2019,2019,,US$10.2 billion,10.2,,,US$ billion,USD,billion,USD,10200000000,10200000000,,,,,reported,reported,Aggregate Deloitte organization revenue attributed to the source-defined Audit & Assurance business/service line.,,,,,,src_del_metrics_2019,"performance metrics, business section",Audit & Assurance: US$10.2 billion,manual_source_extraction,4,5,rounding_possible,false,,Source classifications are preserved; categories may not map one-to-one to other networks.
obs_del_0088,global_revenue_service_line,Deloitte,ent_del_global,Deloitte organization,global_network,Global,,,Consulting,consulting_transformation_implementation,,,,2018-06-01,2019-05-31,FY2019,2019,,US$18.7 billion,18.7,,,US$ billion,USD,billion,USD,18700000000,18700000000,,,,,reported,reported,Aggregate Deloitte organization revenue attributed to the source-defined Consulting business/service line.,,,,,,src_del_metrics_2019,"performance metrics, business section",Consulting: US$18.7 billion,manual_source_extraction,4,5,rounding_possible,false,,Source classifications are preserved; categories may not map one-to-one to other networks.
obs_del_0089,global_revenue_service_line,Deloitte,ent_del_global,Deloitte organization,global_network,Global,,,Financial Advisory,strategy_deals_transactions_corporate_finance,,,,2018-06-01,2019-05-31,FY2019,2019,,US$3.8 billion,3.8,,,US$ billion,USD,billion,USD,3800000000,3800000000,,,,,reported,reported,Aggregate Deloitte organization revenue attributed to the source-defined Financial Advisory business/service line.,,,,,,src_del_metrics_2019,"performance metrics, business section",Financial Advisory: US$3.8 billion,manual_source_extraction,4,5,rounding_possible,false,,Source classifications are preserved; categories may not map one-to-one to other networks.
obs_del_0090,global_revenue_service_line,Deloitte,ent_del_global,Deloitte organization,global_network,Global,,,Risk Advisory,risk_cyber_forensics_compliance_resilience,,,,2018-06-01,2019-05-31,FY2019,2019,,US$5.3 billion,5.3,,,US$ billion,USD,billion,USD,5300000000,5300000000,,,,,reported,reported,Aggregate Deloitte organization revenue attributed to the source-defined Risk Advisory business/service line.,,,,,,src_del_metrics_2019,"performance metrics, business section",Risk Advisory: US$5.3 billion,manual_source_extraction,4,5,rounding_possible,false,,Source classifications are preserved; categories may not map one-to-one to other networks.
obs_del_0091,global_revenue_service_line,Deloitte,ent_del_global,Deloitte organization,global_network,Global,,,Tax & Legal,tax_legal,,,,2018-06-01,2019-05-31,FY2019,2019,,US$8.3 billion,8.3,,,US$ billion,USD,billion,USD,8300000000.0000009537,8300000000.0000009537,,,,,reported,reported,Aggregate Deloitte organization revenue attributed to the source-defined Tax & Legal business/service line.,,,,,,src_del_metrics_2019,"performance metrics, business section",Tax & Legal: US$8.3 billion,manual_source_extraction,4,5,rounding_possible,false,,Source classifications are preserved; categories may not map one-to-one to other networks.
obs_del_0092,global_revenue_service_line,Deloitte,ent_del_global,Deloitte organization,global_network,Global,,,Audit & Assurance,audit_assurance_attest,,,,2019-06-01,2020-05-31,FY2020,2020,,US$9.9 billion,9.9,,,US$ billion,USD,billion,USD,9900000000,9900000000,,,,,reported,reported,Aggregate Deloitte organization revenue attributed to the source-defined Audit & Assurance business/service line.,,,,,,src_del_metrics_2021,"PDF p.2, Business",Audit & Assurance: US$9.9 billion,manual_source_extraction,4,5,rounding_possible,false,,Source classifications are preserved; categories may not map one-to-one to other networks.
obs_del_0093,global_revenue_service_line,Deloitte,ent_del_global,Deloitte organization,global_network,Global,,,Consulting,consulting_transformation_implementation,,,,2019-06-01,2020-05-31,FY2020,2020,,US$19.8 billion,19.8,,,US$ billion,USD,billion,USD,19800000000,19800000000,,,,,reported,reported,Aggregate Deloitte organization revenue attributed to the source-defined Consulting business/service line.,,,,,,src_del_metrics_2021,"PDF p.2, Business",Consulting: US$19.8 billion,manual_source_extraction,4,5,rounding_possible,false,,Source classifications are preserved; categories may not map one-to-one to other networks.
obs_del_0094,global_revenue_service_line,Deloitte,ent_del_global,Deloitte organization,global_network,Global,,,Financial Advisory,strategy_deals_transactions_corporate_finance,,,,2019-06-01,2020-05-31,FY2020,2020,,US$3.8 billion,3.8,,,US$ billion,USD,billion,USD,3800000000,3800000000,,,,,reported,reported,Aggregate Deloitte organization revenue attributed to the source-defined Financial Advisory business/service line.,,,,,,src_del_metrics_2021,"PDF p.2, Business",Financial Advisory: US$3.8 billion,manual_source_extraction,4,5,rounding_possible,false,,Source classifications are preserved; categories may not map one-to-one to other networks.
obs_del_0095,global_revenue_service_line,Deloitte,ent_del_global,Deloitte organization,global_network,Global,,,Risk Advisory,risk_cyber_forensics_compliance_resilience,,,,2019-06-01,2020-05-31,FY2020,2020,,US$5.6 billion,5.6,,,US$ billion,USD,billion,USD,5600000000,5600000000,,,,,reported,reported,Aggregate Deloitte organization revenue attributed to the source-defined Risk Advisory business/service line.,,,,,,src_del_metrics_2021,"PDF p.2, Business",Risk Advisory: US$5.6 billion,manual_source_extraction,4,5,rounding_possible,false,,Source classifications are preserved; categories may not map one-to-one to other networks.
obs_del_0096,global_revenue_service_line,Deloitte,ent_del_global,Deloitte organization,global_network,Global,,,Tax & Legal,tax_legal,,,,2019-06-01,2020-05-31,FY2020,2020,,US$8.7 billion,8.7,,,US$ billion,USD,billion,USD,8700000000,8700000000,,,,,reported,reported,Aggregate Deloitte organization revenue attributed to the source-defined Tax & Legal business/service line.,,,,,,src_del_metrics_2021,"PDF p.2, Business",Tax & Legal: US$8.7 billion,manual_source_extraction,4,5,rounding_possible,false,,Source classifications are preserved; categories may not map one-to-one to other networks.
obs_del_0097,global_revenue_service_line,Deloitte,ent_del_global,Deloitte organization,global_network,Global,,,Audit & Assurance,audit_assurance_attest,,,,2020-06-01,2021-05-31,FY2021,2021,,US$10.5 billion,10.5,,,US$ billion,USD,billion,USD,10500000000,10500000000,,,,,reported,reported,Aggregate Deloitte organization revenue attributed to the source-defined Audit & Assurance business/service line.,,,,,,src_del_metrics_2021,"PDF p.2, Business",Audit & Assurance: US$10.5 billion,manual_source_extraction,4,5,rounding_possible,false,,Source classifications are preserved; categories may not map one-to-one to other networks.
obs_del_0098,global_revenue_service_line,Deloitte,ent_del_global,Deloitte organization,global_network,Global,,,Consulting,consulting_transformation_implementation,,,,2020-06-01,2021-05-31,FY2021,2021,,US$20.8 billion,20.8,,,US$ billion,USD,billion,USD,20800000000,20800000000,,,,,reported,reported,Aggregate Deloitte organization revenue attributed to the source-defined Consulting business/service line.,,,,,,src_del_metrics_2021,"PDF p.2, Business",Consulting: US$20.8 billion,manual_source_extraction,4,5,rounding_possible,false,,Source classifications are preserved; categories may not map one-to-one to other networks.
obs_del_0099,global_revenue_service_line,Deloitte,ent_del_global,Deloitte organization,global_network,Global,,,Financial Advisory,strategy_deals_transactions_corporate_finance,,,,2020-06-01,2021-05-31,FY2021,2021,,US$4.3 billion,4.3,,,US$ billion,USD,billion,USD,4300000000,4300000000,,,,,reported,reported,Aggregate Deloitte organization revenue attributed to the source-defined Financial Advisory business/service line.,,,,,,src_del_metrics_2021,"PDF p.2, Business",Financial Advisory: US$4.3 billion,manual_source_extraction,4,5,rounding_possible,false,,Source classifications are preserved; categories may not map one-to-one to other networks.
obs_del_0100,global_revenue_service_line,Deloitte,ent_del_global,Deloitte organization,global_network,Global,,,Risk Advisory,risk_cyber_forensics_compliance_resilience,,,,2020-06-01,2021-05-31,FY2021,2021,,US$5.9 billion,5.9,,,US$ billion,USD,billion,USD,5900000000,5900000000,,,,,reported,reported,Aggregate Deloitte organization revenue attributed to the source-defined Risk Advisory business/service line.,,,,,,src_del_metrics_2021,"PDF p.2, Business",Risk Advisory: US$5.9 billion,manual_source_extraction,4,5,rounding_possible,false,,Source classifications are preserved; categories may not map one-to-one to other networks.
obs_del_0101,global_revenue_service_line,Deloitte,ent_del_global,Deloitte organization,global_network,Global,,,Tax & Legal,tax_legal,,,,2020-06-01,2021-05-31,FY2021,2021,,US$8.9 billion,8.9,,,US$ billion,USD,billion,USD,8900000000,8900000000,,,,,reported,reported,Aggregate Deloitte organization revenue attributed to the source-defined Tax & Legal business/service line.,,,,,,src_del_metrics_2021,"PDF p.2, Business",Tax & Legal: US$8.9 billion,manual_source_extraction,4,5,rounding_possible,false,,Source classifications are preserved; categories may not map one-to-one to other networks.
obs_del_0102,global_revenue_service_line,Deloitte,ent_del_global,Deloitte organization,global_network,Global,,,Audit & Assurance,audit_assurance_attest,,,,2021-06-01,2022-05-31,FY2022,2022,,US$11.4 billion,11.4,,,US$ billion,USD,billion,USD,11400000000,11400000000,,,,,reported,reported,Aggregate Deloitte organization revenue attributed to the source-defined Audit & Assurance business/service line.,,,,,,src_del_metrics_2023,"PDF p.11, Business",Audit & Assurance: US$11.4 billion,manual_source_extraction,4,5,rounding_possible,false,,Source classifications are preserved; categories may not map one-to-one to other networks.
obs_del_0103,global_revenue_service_line,Deloitte,ent_del_global,Deloitte organization,global_network,Global,,,Consulting,consulting_transformation_implementation,,,,2021-06-01,2022-05-31,FY2022,2022,,US$25.8 billion,25.8,,,US$ billion,USD,billion,USD,25800000000,25800000000,,,,,reported,reported,Aggregate Deloitte organization revenue attributed to the source-defined Consulting business/service line.,,,,,,src_del_metrics_2023,"PDF p.11, Business",Consulting: US$25.8 billion,manual_source_extraction,4,5,rounding_possible,false,,Source classifications are preserved; categories may not map one-to-one to other networks.
obs_del_0104,global_revenue_service_line,Deloitte,ent_del_global,Deloitte organization,global_network,Global,,,Financial Advisory,strategy_deals_transactions_corporate_finance,,,,2021-06-01,2022-05-31,FY2022,2022,,US$5.3 billion,5.3,,,US$ billion,USD,billion,USD,5300000000,5300000000,,,,,reported,reported,Aggregate Deloitte organization revenue attributed to the source-defined Financial Advisory business/service line.,,,,,,src_del_metrics_2023,"PDF p.11, Business",Financial Advisory: US$5.3 billion,manual_source_extraction,4,5,rounding_possible,false,,Source classifications are preserved; categories may not map one-to-one to other networks.
obs_del_0105,global_revenue_service_line,Deloitte,ent_del_global,Deloitte organization,global_network,Global,,,Risk Advisory,risk_cyber_forensics_compliance_resilience,,,,2021-06-01,2022-05-31,FY2022,2022,,US$7 billion,7,,,US$ billion,USD,billion,USD,7000000000,7000000000,,,,,reported,reported,Aggregate Deloitte organization revenue attributed to the source-defined Risk Advisory business/service line.,,,,,,src_del_metrics_2023,"PDF p.11, Business",Risk Advisory: US$7 billion,manual_source_extraction,4,5,rounding_possible,false,,Source classifications are preserved; categories may not map one-to-one to other networks.
obs_del_0106,global_revenue_service_line,Deloitte,ent_del_global,Deloitte organization,global_network,Global,,,Tax & Legal,tax_legal,,,,2021-06-01,2022-05-31,FY2022,2022,,US$9.9 billion,9.9,,,US$ billion,USD,billion,USD,9900000000,9900000000,,,,,reported,reported,Aggregate Deloitte organization revenue attributed to the source-defined Tax & Legal business/service line.,,,,,,src_del_metrics_2023,"PDF p.11, Business",Tax & Legal: US$9.9 billion,manual_source_extraction,4,5,rounding_possible,false,,Source classifications are preserved; categories may not map one-to-one to other networks.
obs_del_0107,global_revenue_service_line,Deloitte,ent_del_global,Deloitte organization,global_network,Global,,,Audit & Assurance,audit_assurance_attest,,,,2022-06-01,2023-05-31,FY2023,2023,,US$12.3 billion,12.3,,,US$ billion,USD,billion,USD,12300000000,12300000000,,,,,reported,reported,Aggregate Deloitte organization revenue attributed to the source-defined Audit & Assurance business/service line.,,,,,,src_del_metrics_2023,"PDF p.11, Business",Audit & Assurance: US$12.3 billion,manual_source_extraction,4,5,rounding_possible,false,,Source classifications are preserved; categories may not map one-to-one to other networks.
obs_del_0108,global_revenue_service_line,Deloitte,ent_del_global,Deloitte organization,global_network,Global,,,Consulting,consulting_transformation_implementation,,,,2022-06-01,2023-05-31,FY2023,2023,,US$29.6 billion,29.6,,,US$ billion,USD,billion,USD,29600000000,29600000000,,,,,reported,reported,Aggregate Deloitte organization revenue attributed to the source-defined Consulting business/service line.,,,,,,src_del_metrics_2023,"PDF p.11, Business",Consulting: US$29.6 billion,manual_source_extraction,4,5,rounding_possible,false,,Source classifications are preserved; categories may not map one-to-one to other networks.
obs_del_0109,global_revenue_service_line,Deloitte,ent_del_global,Deloitte organization,global_network,Global,,,Financial Advisory,strategy_deals_transactions_corporate_finance,,,,2022-06-01,2023-05-31,FY2023,2023,,US$5.1 billion,5.1,,,US$ billion,USD,billion,USD,5100000000,5100000000,,,,,reported,reported,Aggregate Deloitte organization revenue attributed to the source-defined Financial Advisory business/service line.,,,,,,src_del_metrics_2023,"PDF p.11, Business",Financial Advisory: US$5.1 billion,manual_source_extraction,4,5,rounding_possible,false,,Source classifications are preserved; categories may not map one-to-one to other networks.
obs_del_0110,global_revenue_service_line,Deloitte,ent_del_global,Deloitte organization,global_network,Global,,,Risk Advisory,risk_cyber_forensics_compliance_resilience,,,,2022-06-01,2023-05-31,FY2023,2023,,US$7.8 billion,7.8,,,US$ billion,USD,billion,USD,7800000000,7800000000,,,,,reported,reported,Aggregate Deloitte organization revenue attributed to the source-defined Risk Advisory business/service line.,,,,,,src_del_metrics_2023,"PDF p.11, Business",Risk Advisory: US$7.8 billion,manual_source_extraction,4,5,rounding_possible,false,,Source classifications are preserved; categories may not map one-to-one to other networks.
obs_del_0111,global_revenue_service_line,Deloitte,ent_del_global,Deloitte organization,global_network,Global,,,Tax & Legal,tax_legal,,,,2022-06-01,2023-05-31,FY2023,2023,,US$10.3 billion,10.3,,,US$ billion,USD,billion,USD,10300000000,10300000000,,,,,reported,reported,Aggregate Deloitte organization revenue attributed to the source-defined Tax & Legal business/service line.,,,,,,src_del_metrics_2023,"PDF p.11, Business",Tax & Legal: US$10.3 billion,manual_source_extraction,4,5,rounding_possible,false,,Source classifications are preserved; categories may not map one-to-one to other networks.
obs_del_0112,global_revenue_service_line,Deloitte,ent_del_global,Deloitte organization,global_network,Global,,,Audit & Assurance,audit_assurance_attest,,,,2023-06-01,2024-05-31,FY2024,2024,,US$14.1 billion,14.1,,,US$ billion,USD,billion,USD,14100000000,14100000000,,,,,reported,reported,Aggregate Deloitte organization revenue attributed to the source-defined Audit & Assurance business/service line.,,,,,,src_del_metrics_2025,"PDF p.6, Business",Audit & Assurance: US$14.1 billion,manual_source_extraction,4,5,restated_reclassification,true,,Source classifications are preserved; categories may not map one-to-one to other networks.
obs_del_0114,global_revenue_service_line,Deloitte,ent_del_global,Deloitte organization,global_network,Global,,,Consulting services total,combined_not_separable,,,,2023-06-01,2024-05-31,FY2024,2024,,US$41.6 billion,41.6,,,US$ billion,USD,billion,USD,41600000000,41600000000,,,,,reported,reported,Aggregate Deloitte organization revenue attributed to the source-defined Consulting services total business/service line.,,,,,,src_del_metrics_2025,"PDF p.6, Business",Consulting services total: US$41.6 billion,manual_source_extraction,4,5,restated_reclassification,true,,"Deloitte reorganized its global business units in 2024. Consulting services total is the parent total; Strategy, Risk & Transactions and Technology & Transformation are components and must not be summed with the parent. FY2024 is restated for comparison."
obs_del_0115,global_revenue_service_line,Deloitte,ent_del_global,Deloitte organization,global_network,Global,,,"Strategy, Risk & Transactions",combined_not_separable,,,,2023-06-01,2024-05-31,FY2024,2024,,US$9.8 billion,9.8,,,US$ billion,USD,billion,USD,9800000000,9800000000,,,,,reported,reported,"Aggregate Deloitte organization revenue attributed to the source-defined Strategy, Risk & Transactions business/service line.",,,,,,src_del_metrics_2025,"PDF p.6, Business","Strategy, Risk & Transactions: US$9.8 billion",manual_source_extraction,4,5,restated_reclassification,true,,"Deloitte reorganized its global business units in 2024. Consulting services total is the parent total; Strategy, Risk & Transactions and Technology & Transformation are components and must not be summed with the parent. FY2024 is restated for comparison."
obs_del_0113,global_revenue_service_line,Deloitte,ent_del_global,Deloitte organization,global_network,Global,,,Tax & Legal,tax_legal,,,,2023-06-01,2024-05-31,FY2024,2024,,US$11.6 billion,11.6,,,US$ billion,USD,billion,USD,11600000000,11600000000,,,,,reported,reported,Aggregate Deloitte organization revenue attributed to the source-defined Tax & Legal business/service line.,,,,,,src_del_metrics_2025,"PDF p.6, Business",Tax & Legal: US$11.6 billion,manual_source_extraction,4,5,restated_reclassification,true,,Source classifications are preserved; categories may not map one-to-one to other networks.
obs_del_0116,global_revenue_service_line,Deloitte,ent_del_global,Deloitte organization,global_network,Global,,,Technology & Transformation,consulting_transformation_implementation,,,,2023-06-01,2024-05-31,FY2024,2024,,US$31.8 billion,31.8,,,US$ billion,USD,billion,USD,31800000000,31800000000,,,,,reported,reported,Aggregate Deloitte organization revenue attributed to the source-defined Technology & Transformation business/service line.,,,,,,src_del_metrics_2025,"PDF p.6, Business",Technology & Transformation: US$31.8 billion,manual_source_extraction,4,5,restated_reclassification,true,,"Deloitte reorganized its global business units in 2024. Consulting services total is the parent total; Strategy, Risk & Transactions and Technology & Transformation are components and must not be summed with the parent. FY2024 is restated for comparison."
obs_del_0117,global_revenue_service_line,Deloitte,ent_del_global,Deloitte organization,global_network,Global,,,Audit & Assurance,audit_assurance_attest,,,,2024-06-01,2025-05-31,FY2025,2025,,US$14.7 billion,14.7,,,US$ billion,USD,billion,USD,14700000000,14700000000,,,,,reported,reported,Aggregate Deloitte organization revenue attributed to the source-defined Audit & Assurance business/service line.,,,,,,src_del_metrics_2025,"PDF p.6, Business",Audit & Assurance: US$14.7 billion,manual_source_extraction,4,5,rounding_possible,false,,Source classifications are preserved; categories may not map one-to-one to other networks.
obs_del_0119,global_revenue_service_line,Deloitte,ent_del_global,Deloitte organization,global_network,Global,,,Consulting services total,combined_not_separable,,,,2024-06-01,2025-05-31,FY2025,2025,,US$43.7 billion,43.7,,,US$ billion,USD,billion,USD,43700000000,43700000000,,,,,reported,reported,Aggregate Deloitte organization revenue attributed to the source-defined Consulting services total business/service line.,,,,,,src_del_metrics_2025,"PDF p.6, Business",Consulting services total: US$43.7 billion,manual_source_extraction,4,5,rounding_possible,false,,"Deloitte reorganized its global business units in 2024. Consulting services total is the parent total; Strategy, Risk & Transactions and Technology & Transformation are components and must not be summed with the parent. FY2024 is restated for comparison."
obs_del_0120,global_revenue_service_line,Deloitte,ent_del_global,Deloitte organization,global_network,Global,,,"Strategy, Risk & Transactions",combined_not_separable,,,,2024-06-01,2025-05-31,FY2025,2025,,US$10.3 billion,10.3,,,US$ billion,USD,billion,USD,10300000000,10300000000,,,,,reported,reported,"Aggregate Deloitte organization revenue attributed to the source-defined Strategy, Risk & Transactions business/service line.",,,,,,src_del_metrics_2025,"PDF p.6, Business","Strategy, Risk & Transactions: US$10.3 billion",manual_source_extraction,4,5,rounding_possible,false,,"Deloitte reorganized its global business units in 2024. Consulting services total is the parent total; Strategy, Risk & Transactions and Technology & Transformation are components and must not be summed with the parent. FY2024 is restated for comparison."
obs_del_0118,global_revenue_service_line,Deloitte,ent_del_global,Deloitte organization,global_network,Global,,,Tax & Legal,tax_legal,,,,2024-06-01,2025-05-31,FY2025,2025,,US$12.2 billion,12.2,,,US$ billion,USD,billion,USD,12200000000,12200000000,,,,,reported,reported,Aggregate Deloitte organization revenue attributed to the source-defined Tax & Legal business/service line.,,,,,,src_del_metrics_2025,"PDF p.6, Business",Tax & Legal: US$12.2 billion,manual_source_extraction,4,5,rounding_possible,false,,Source classifications are preserved; categories may not map one-to-one to other networks.
obs_del_0121,global_revenue_service_line,Deloitte,ent_del_global,Deloitte organization,global_network,Global,,,Technology & Transformation,consulting_transformation_implementation,,,,2024-06-01,2025-05-31,FY2025,2025,,US$33.4 billion,33.4,,,US$ billion,USD,billion,USD,33400000000,33400000000,,,,,reported,reported,Aggregate Deloitte organization revenue attributed to the source-defined Technology & Transformation business/service line.,,,,,,src_del_metrics_2025,"PDF p.6, Business",Technology & Transformation: US$33.4 billion,manual_source_extraction,4,5,rounding_possible,false,,"Deloitte reorganized its global business units in 2024. Consulting services total is the parent total; Strategy, Risk & Transactions and Technology & Transformation are components and must not be summed with the parent. FY2024 is restated for comparison."
obs_pwc_0083,global_revenue_service_line,PwC,ent_pwc_network,PwC global network,global_network,Global,,,Advisory,combined_not_separable,,,,2014-07-01,2015-06-30,FY2015,2015,,"11,235",11235,,,US$ millions,USD,millions,USD,11235000000,11235000000,,,,,reported,reported,"Aggregated gross revenues of PwC firms for the source-defined line of service, at average fiscal-year exchange rates.",value_numeric × 1000000,,,,,src_pwc_gar2015,"PDF p. 16, Figure 2","Advisory: 11,235 (US$ millions).",manual_pdf_table_transcription,3,4,official_reported,false,,Advisory spans multiple canonical dashboard categories and is not split without source support.
obs_pwc_0082,global_revenue_service_line,PwC,ent_pwc_network,PwC global network,global_network,Global,,,Assurance,audit_assurance_attest,,,,2014-07-01,2015-06-30,FY2015,2015,,"15,177",15177,,,US$ millions,USD,millions,USD,15177000000,15177000000,,,,,reported,reported,"Aggregated gross revenues of PwC firms for the source-defined line of service, at average fiscal-year exchange rates.",value_numeric × 1000000,,,,,src_pwc_gar2015,"PDF p. 16, Figure 2","Assurance: 15,177 (US$ millions).",manual_pdf_table_transcription,3,4,official_reported,false,,
obs_pwc_0084,global_revenue_service_line,PwC,ent_pwc_network,PwC global network,global_network,Global,,,Tax,tax_legal,,,,2014-07-01,2015-06-30,FY2015,2015,,"8,944",8944,,,US$ millions,USD,millions,USD,8944000000,8944000000,,,,,reported,reported,"Aggregated gross revenues of PwC firms for the source-defined line of service, at average fiscal-year exchange rates.",value_numeric × 1000000,,,,,src_pwc_gar2015,"PDF p. 16, Figure 2","Tax: 8,944 (US$ millions).",manual_pdf_table_transcription,3,4,official_reported,false,,
obs_pwc_0086,global_revenue_service_line,PwC,ent_pwc_network,PwC global network,global_network,Global,,,Advisory,combined_not_separable,,,,2015-07-01,2016-06-30,FY2016,2016,,"11,531",11531,,,US$ millions,USD,millions,USD,11531000000,11531000000,,,,,reported,reported,"Aggregated gross revenues of PwC firms for the source-defined line of service, at average fiscal-year exchange rates.",value_numeric × 1000000,,,,,src_pwc_gar2016,"PDF p. 58, Figure 10","Advisory: 11,531 (US$ millions).",manual_pdf_table_transcription,3,4,official_reported,false,,Advisory spans multiple canonical dashboard categories and is not split without source support.
obs_pwc_0085,global_revenue_service_line,PwC,ent_pwc_network,PwC global network,global_network,Global,,,Assurance,audit_assurance_attest,,,,2015-07-01,2016-06-30,FY2016,2016,,"15,280",15280,,,US$ millions,USD,millions,USD,15280000000,15280000000,,,,,reported,reported,"Aggregated gross revenues of PwC firms for the source-defined line of service, at average fiscal-year exchange rates.",value_numeric × 1000000,,,,,src_pwc_gar2016,"PDF p. 58, Figure 10","Assurance: 15,280 (US$ millions).",manual_pdf_table_transcription,3,4,official_reported,false,,
obs_pwc_0087,global_revenue_service_line,PwC,ent_pwc_network,PwC global network,global_network,Global,,,Tax,tax_legal,,,,2015-07-01,2016-06-30,FY2016,2016,,"9,085",9085,,,US$ millions,USD,millions,USD,9085000000,9085000000,,,,,reported,reported,"Aggregated gross revenues of PwC firms for the source-defined line of service, at average fiscal-year exchange rates.",value_numeric × 1000000,,,,,src_pwc_gar2016,"PDF p. 58, Figure 10","Tax: 9,085 (US$ millions).",manual_pdf_table_transcription,3,4,official_reported,false,,
obs_pwc_0089,global_revenue_service_line,PwC,ent_pwc_network,PwC global network,global_network,Global,,,Advisory,combined_not_separable,,,,2016-07-01,2017-06-30,FY2017,2017,,"12,253",12253,,,US$ millions,USD,millions,USD,12253000000,12253000000,,,,,reported,reported,"Aggregated gross revenues of PwC firms for the source-defined line of service, at average fiscal-year exchange rates.",value_numeric × 1000000,,,,,src_pwc_rev2017,"PDF p. 5, service-line table","Advisory: 12,253 (US$ millions).",manual_pdf_table_transcription,3,4,official_reported,false,,Advisory spans multiple canonical dashboard categories and is not split without source support.
obs_pwc_0088,global_revenue_service_line,PwC,ent_pwc_network,PwC global network,global_network,Global,,,Assurance,audit_assurance_attest,,,,2016-07-01,2017-06-30,FY2017,2017,,"15,965",15965,,,US$ millions,USD,millions,USD,15965000000,15965000000,,,,,reported,reported,"Aggregated gross revenues of PwC firms for the source-defined line of service, at average fiscal-year exchange rates.",value_numeric × 1000000,,,,,src_pwc_rev2017,"PDF p. 5, service-line table","Assurance: 15,965 (US$ millions).",manual_pdf_table_transcription,3,4,official_reported,false,,
obs_pwc_0090,global_revenue_service_line,PwC,ent_pwc_network,PwC global network,global_network,Global,,,Tax & Legal,tax_legal,,,,2016-07-01,2017-06-30,FY2017,2017,,"9,462",9462,,,US$ millions,USD,millions,USD,9462000000,9462000000,,,,,reported,reported,"Aggregated gross revenues of PwC firms for the source-defined line of service, at average fiscal-year exchange rates.",value_numeric × 1000000,,,,,src_pwc_rev2017,"PDF p. 5, service-line table","Tax & Legal: 9,462 (US$ millions).",manual_pdf_table_transcription,3,4,official_reported,false,,
obs_pwc_0116,global_revenue_service_line,PwC,ent_pwc_network,PwC global network,global_network,Global,,,Advisory,combined_not_separable,,,,2017-07-01,2018-06-30,FY2018,2018,,"13,314",13314,,,US$ millions,USD,millions,USD,13314000000,13314000000,,,,,reported,reported,Restated FY18 source-defined service-line revenue for continuing operations.,value_numeric × 1000000,,,,,src_pwc_rev2019,"FY19 service-line table, FY18 comparative marked restated","FY18 restated Advisory: 13,314 (US$ millions).",manual_html_table_transcription,3,4,official_reported,true,obs_pwc_0092,Restated after excluding revenues from businesses sold in FY18.
obs_pwc_0115,global_revenue_service_line,PwC,ent_pwc_network,PwC global network,global_network,Global,,,Assurance,audit_assurance_attest,,,,2017-07-01,2018-06-30,FY2018,2018,,"17,048",17048,,,US$ millions,USD,millions,USD,17048000000,17048000000,,,,,reported,reported,Restated FY18 source-defined service-line revenue for continuing operations.,value_numeric × 1000000,,,,,src_pwc_rev2019,"FY19 service-line table, FY18 comparative marked restated","FY18 restated Assurance: 17,048 (US$ millions).",manual_html_table_transcription,3,4,official_reported,true,obs_pwc_0091,Restated after excluding revenues from businesses sold in FY18.
obs_pwc_0117,global_revenue_service_line,PwC,ent_pwc_network,PwC global network,global_network,Global,,,Tax,tax_legal,,,,2017-07-01,2018-06-30,FY2018,2018,,"10,319",10319,,,US$ millions,USD,millions,USD,10319000000,10319000000,,,,,reported,reported,Restated FY18 source-defined service-line revenue for continuing operations.,value_numeric × 1000000,,,,,src_pwc_rev2019,"FY19 service-line table, FY18 comparative marked restated","FY18 restated Tax: 10,319 (US$ millions).",manual_html_table_transcription,3,4,official_reported,true,obs_pwc_0093,Restated after excluding revenues from businesses sold in FY18.
obs_pwc_0095,global_revenue_service_line,PwC,ent_pwc_network,PwC global network,global_network,Global,,,Advisory,combined_not_separable,,,,2018-07-01,2019-06-30,FY2019,2019,,"14,369",14369,,,US$ millions,USD,millions,USD,14369000000,14369000000,,,,,reported,reported,"Aggregated gross revenues of PwC firms for the source-defined line of service, at average fiscal-year exchange rates.",value_numeric × 1000000,,,,,src_pwc_rev2019,Aggregated revenues by service line table,"Advisory: 14,369 (US$ millions).",manual_html_table_transcription,3,4,official_reported,false,,Advisory spans multiple canonical dashboard categories and is not split without source support.
obs_pwc_0094,global_revenue_service_line,PwC,ent_pwc_network,PwC global network,global_network,Global,,,Assurance,audit_assurance_attest,,,,2018-07-01,2019-06-30,FY2019,2019,,"17,382",17382,,,US$ millions,USD,millions,USD,17382000000,17382000000,,,,,reported,reported,"Aggregated gross revenues of PwC firms for the source-defined line of service, at average fiscal-year exchange rates.",value_numeric × 1000000,,,,,src_pwc_rev2019,Aggregated revenues by service line table,"Assurance: 17,382 (US$ millions).",manual_html_table_transcription,3,4,official_reported,false,,
obs_pwc_0096,global_revenue_service_line,PwC,ent_pwc_network,PwC global network,global_network,Global,,,Tax,tax_legal,,,,2018-07-01,2019-06-30,FY2019,2019,,"10,697",10697,,,US$ millions,USD,millions,USD,10697000000,10697000000,,,,,reported,reported,"Aggregated gross revenues of PwC firms for the source-defined line of service, at average fiscal-year exchange rates.",value_numeric × 1000000,,,,,src_pwc_rev2019,Aggregated revenues by service line table,"Tax: 10,697 (US$ millions).",manual_html_table_transcription,3,4,official_reported,false,,
obs_pwc_0119,global_revenue_service_line,PwC,ent_pwc_network,PwC global network,global_network,Global,,,Advisory,combined_not_separable,,,,2019-07-01,2020-06-30,FY2020,2020,,"16,092",16092,,,US$ millions,USD,millions,USD,16092000000,16092000000,,,,,reported,reported,Restated FY20 source-defined service-line revenue under FY21 business structures.,value_numeric × 1000000,,,,,src_pwc_gar2021,"PDF p. 10, FY20 comparative marked restated","FY20 restated Advisory: 16,092 (US$ millions).",manual_pdf_table_transcription,3,4,official_reported,true,obs_pwc_0098,About US$1.4 billion previously reported in Assurance and Tax moved to Advisory.
obs_pwc_0118,global_revenue_service_line,PwC,ent_pwc_network,PwC global network,global_network,Global,,,Assurance,audit_assurance_attest,,,,2019-07-01,2020-06-30,FY2020,2020,,"16,389",16389,,,US$ millions,USD,millions,USD,16389000000,16389000000,,,,,reported,reported,Restated FY20 source-defined service-line revenue under FY21 business structures.,value_numeric × 1000000,,,,,src_pwc_gar2021,"PDF p. 10, FY20 comparative marked restated","FY20 restated Assurance: 16,389 (US$ millions).",manual_pdf_table_transcription,3,4,official_reported,true,obs_pwc_0097,About US$1.4 billion previously reported in Assurance and Tax moved to Advisory.
obs_pwc_0120,global_revenue_service_line,PwC,ent_pwc_network,PwC global network,global_network,Global,,,Tax,tax_legal,,,,2019-07-01,2020-06-30,FY2020,2020,,"10,551",10551,,,US$ millions,USD,millions,USD,10551000000,10551000000,,,,,reported,reported,Restated FY20 source-defined service-line revenue under FY21 business structures.,value_numeric × 1000000,,,,,src_pwc_gar2021,"PDF p. 10, FY20 comparative marked restated","FY20 restated Tax: 10,551 (US$ millions).",manual_pdf_table_transcription,3,4,official_reported,true,obs_pwc_0099,About US$1.4 billion previously reported in Assurance and Tax moved to Advisory.
obs_pwc_0101,global_revenue_service_line,PwC,ent_pwc_network,PwC global network,global_network,Global,,,Advisory,combined_not_separable,,,,2020-07-01,2021-06-30,FY2021,2021,,"17,029",17029,,,US$ millions,USD,millions,USD,17029000000,17029000000,,,,,reported,reported,"Aggregated gross revenues of PwC firms for the source-defined line of service, at average fiscal-year exchange rates.",value_numeric × 1000000,,,,,src_pwc_gar2021,"PDF p. 10, service-line table","Advisory: 17,029 (US$ millions).",manual_pdf_table_transcription,3,4,official_reported,false,,Advisory spans multiple canonical dashboard categories and is not split without source support.
obs_pwc_0100,global_revenue_service_line,PwC,ent_pwc_network,PwC global network,global_network,Global,,,Assurance,audit_assurance_attest,,,,2020-07-01,2021-06-30,FY2021,2021,,"17,073",17073,,,US$ millions,USD,millions,USD,17073000000,17073000000,,,,,reported,reported,"Aggregated gross revenues of PwC firms for the source-defined line of service, at average fiscal-year exchange rates.",value_numeric × 1000000,,,,,src_pwc_gar2021,"PDF p. 10, service-line table","Assurance: 17,073 (US$ millions).",manual_pdf_table_transcription,3,4,official_reported,false,,
obs_pwc_0102,global_revenue_service_line,PwC,ent_pwc_network,PwC global network,global_network,Global,,,Tax,tax_legal,,,,2020-07-01,2021-06-30,FY2021,2021,,"11,040",11040,,,US$ millions,USD,millions,USD,11040000000,11040000000,,,,,reported,reported,"Aggregated gross revenues of PwC firms for the source-defined line of service, at average fiscal-year exchange rates.",value_numeric × 1000000,,,,,src_pwc_gar2021,"PDF p. 10, service-line table","Tax: 11,040 (US$ millions).",manual_pdf_table_transcription,3,4,official_reported,false,,
obs_pwc_0104,global_revenue_service_line,PwC,ent_pwc_network,PwC global network,global_network,Global,,,Advisory,combined_not_separable,,,,2021-07-01,2022-06-30,FY2022,2022,,"20,708",20708,,,US$ millions,USD,millions,USD,20708000000,20708000000,,,,,reported,reported,"Aggregated gross revenues of PwC firms for the source-defined line of service, at average fiscal-year exchange rates.",value_numeric × 1000000,,,,,src_pwc_rev2022,Aggregated revenues by business table,"Advisory: 20,708 (US$ millions).",manual_html_table_transcription,3,4,official_reported,false,,Advisory spans multiple canonical dashboard categories and is not split without source support.
obs_pwc_0103,global_revenue_service_line,PwC,ent_pwc_network,PwC global network,global_network,Global,,,Assurance,audit_assurance_attest,,,,2021-07-01,2022-06-30,FY2022,2022,,"18,009",18009,,,US$ millions,USD,millions,USD,18009000000,18009000000,,,,,reported,reported,"Aggregated gross revenues of PwC firms for the source-defined line of service, at average fiscal-year exchange rates.",value_numeric × 1000000,,,,,src_pwc_rev2022,Aggregated revenues by business table,"Assurance: 18,009 (US$ millions).",manual_html_table_transcription,3,4,official_reported,false,,
obs_pwc_0105,global_revenue_service_line,PwC,ent_pwc_network,PwC global network,global_network,Global,,,Tax and Legal Services,tax_legal,,,,2021-07-01,2022-06-30,FY2022,2022,,"11,577",11577,,,US$ millions,USD,millions,USD,11577000000,11577000000,,,,,reported,reported,"Aggregated gross revenues of PwC firms for the source-defined line of service, at average fiscal-year exchange rates.",value_numeric × 1000000,,,,,src_pwc_rev2022,Aggregated revenues by business table,"Tax and Legal Services: 11,577 (US$ millions).",manual_html_table_transcription,3,4,official_reported,false,,
obs_pwc_0107,global_revenue_service_line,PwC,ent_pwc_network,PwC global network,global_network,Global,,,Advisory,combined_not_separable,,,,2022-07-01,2023-06-30,FY2023,2023,,"22,599",22599,,,US$ millions,USD,millions,USD,22599000000,22599000000,,,,,reported,reported,"Aggregated gross revenues of PwC firms for the source-defined line of service, at average fiscal-year exchange rates.",value_numeric × 1000000,,,,,src_pwc_rev2023,Aggregated revenues by line of service table,"Advisory: 22,599 (US$ millions).",manual_html_table_transcription,3,4,official_reported,false,,Advisory spans multiple canonical dashboard categories and is not split without source support.
obs_pwc_0106,global_revenue_service_line,PwC,ent_pwc_network,PwC global network,global_network,Global,,,Assurance,audit_assurance_attest,,,,2022-07-01,2023-06-30,FY2023,2023,,"18,728",18728,,,US$ millions,USD,millions,USD,18728000000,18728000000,,,,,reported,reported,"Aggregated gross revenues of PwC firms for the source-defined line of service, at average fiscal-year exchange rates.",value_numeric × 1000000,,,,,src_pwc_rev2023,Aggregated revenues by line of service table,"Assurance: 18,728 (US$ millions).",manual_html_table_transcription,3,4,official_reported,false,,
obs_pwc_0108,global_revenue_service_line,PwC,ent_pwc_network,PwC global network,global_network,Global,,,Tax and Legal Services,tax_legal,,,,2022-07-01,2023-06-30,FY2023,2023,,"11,767",11767,,,US$ millions,USD,millions,USD,11767000000,11767000000,,,,,reported,reported,"Aggregated gross revenues of PwC firms for the source-defined line of service, at average fiscal-year exchange rates.",value_numeric × 1000000,,,,,src_pwc_rev2023,Aggregated revenues by line of service table,"Tax and Legal Services: 11,767 (US$ millions).",manual_html_table_transcription,3,4,official_reported,false,,
obs_pwc_0110,global_revenue_service_line,PwC,ent_pwc_network,PwC global network,global_network,Global,,,Advisory,combined_not_separable,,,,2023-07-01,2024-06-30,FY2024,2024,,"23,308",23308,,,US$ millions,USD,millions,USD,23308000000,23308000000,,,,,reported,reported,"Aggregated gross revenues of PwC firms for the source-defined line of service, at average fiscal-year exchange rates.",value_numeric × 1000000,,,,,src_pwc_rev2024,Aggregated revenues by line of service table,"Advisory: 23,308 (US$ millions).",manual_html_table_transcription,3,4,official_reported,false,,Advisory spans multiple canonical dashboard categories and is not split without source support.
obs_pwc_0109,global_revenue_service_line,PwC,ent_pwc_network,PwC global network,global_network,Global,,,Assurance,audit_assurance_attest,,,,2023-07-01,2024-06-30,FY2024,2024,,"19,475",19475,,,US$ millions,USD,millions,USD,19475000000,19475000000,,,,,reported,reported,"Aggregated gross revenues of PwC firms for the source-defined line of service, at average fiscal-year exchange rates.",value_numeric × 1000000,,,,,src_pwc_rev2024,Aggregated revenues by line of service table,"Assurance: 19,475 (US$ millions).",manual_html_table_transcription,3,4,official_reported,false,,
obs_pwc_0111,global_revenue_service_line,PwC,ent_pwc_network,PwC global network,global_network,Global,,,Tax and Legal Services,tax_legal,,,,2023-07-01,2024-06-30,FY2024,2024,,"12,598",12598,,,US$ millions,USD,millions,USD,12598000000,12598000000,,,,,reported,reported,"Aggregated gross revenues of PwC firms for the source-defined line of service, at average fiscal-year exchange rates.",value_numeric × 1000000,,,,,src_pwc_rev2024,Aggregated revenues by line of service table,"Tax and Legal Services: 12,598 (US$ millions).",manual_html_table_transcription,3,4,official_reported,false,,
obs_pwc_0112,global_revenue_service_line,PwC,ent_pwc_network,PwC global network,global_network,Global,,,Advisory,combined_not_separable,,,,2024-07-01,2025-06-30,FY2025,2025,,"24,386",24386,,,US$ millions,USD,millions,USD,24386000000,24386000000,,,,,reported,reported,"Aggregated gross revenues of PwC firms for the source-defined line of service, at average fiscal-year exchange rates.",value_numeric × 1000000,,,,,src_pwc_fin2025,Aggregated gross revenues by line of service table,"Advisory: 24,386 (US$ millions).",manual_html_table_transcription,3,4,official_reported,false,,Advisory spans multiple canonical dashboard categories and is not split without source support.
obs_pwc_0113,global_revenue_service_line,PwC,ent_pwc_network,PwC global network,global_network,Global,,,Assurance,audit_assurance_attest,,,,2024-07-01,2025-06-30,FY2025,2025,,"19,846",19846,,,US$ millions,USD,millions,USD,19846000000,19846000000,,,,,reported,reported,"Aggregated gross revenues of PwC firms for the source-defined line of service, at average fiscal-year exchange rates.",value_numeric × 1000000,,,,,src_pwc_fin2025,Aggregated gross revenues by line of service table,"Assurance: 19,846 (US$ millions).",manual_html_table_transcription,3,4,official_reported,false,,
obs_pwc_0114,global_revenue_service_line,PwC,ent_pwc_network,PwC global network,global_network,Global,,,Tax and Legal,tax_legal,,,,2024-07-01,2025-06-30,FY2025,2025,,"12,736",12736,,,US$ millions,USD,millions,USD,12736000000,12736000000,,,,,reported,reported,"Aggregated gross revenues of PwC firms for the source-defined line of service, at average fiscal-year exchange rates.",value_numeric × 1000000,,,,,src_pwc_fin2025,Aggregated gross revenues by line of service table,"Tax and Legal: 12,736 (US$ millions).",manual_html_table_transcription,3,4,official_reported,false,,
obs_ey_revenue_service_fy15_consulting,global_revenue_service_line,EY,ent_ey_global,EY global organization,global_network,Global,,,Advisory,consulting,,,,2014-07-01,2015-06-30,FY2015,2015,,"US$7,285 million",7285,,,US$ millions,USD,millions,USD,7285000000,7285000000,,,,,reported,reported,Combined global member-firm revenue attributed to the service line named in the source.,,,,,,src_ey_fy15,FY15 financial information and headcount tables; basis note,"Advisory | US$7,285m",manual_web_or_pdf_transcription,5,5,verified_official,false,,
obs_ey_revenue_service_fy15_assurance,global_revenue_service_line,EY,ent_ey_global,EY global organization,global_network,Global,,,Assurance,assurance,,,,2014-07-01,2015-06-30,FY2015,2015,,"US$11,348 million",11348,,,US$ millions,USD,millions,USD,11348000000,11348000000,,,,,reported,reported,Combined global member-firm revenue attributed to the service line named in the source.,,,,,,src_ey_fy15,FY15 financial information and headcount tables; basis note,"Assurance | US$11,348m",manual_web_or_pdf_transcription,5,5,verified_official,false,,
obs_ey_revenue_service_fy15_tax,global_revenue_service_line,EY,ent_ey_global,EY global organization,global_network,Global,,,Tax,tax,,,,2014-07-01,2015-06-30,FY2015,2015,,"US$7,487 million",7487,,,US$ millions,USD,millions,USD,7487000000,7487000000,,,,,reported,reported,Combined global member-firm revenue attributed to the service line named in the source.,,,,,,src_ey_fy15,FY15 financial information and headcount tables; basis note,"Tax | US$7,487m",manual_web_or_pdf_transcription,5,5,verified_official,false,,
obs_ey_revenue_service_fy15_strategy_and_transactions,global_revenue_service_line,EY,ent_ey_global,EY global organization,global_network,Global,,,Transaction Advisory Services,strategy_and_transactions,,,,2014-07-01,2015-06-30,FY2015,2015,,"US$2,535 million",2535,,,US$ millions,USD,millions,USD,2535000000,2535000000,,,,,reported,reported,Combined global member-firm revenue attributed to the service line named in the source.,,,,,,src_ey_fy15,FY15 financial information and headcount tables; basis note,"Transaction Advisory Services | US$2,535m",manual_web_or_pdf_transcription,5,5,verified_official,false,,
obs_ey_revenue_service_fy16_consulting,global_revenue_service_line,EY,ent_ey_global,EY global organization,global_network,Global,,,Advisory,consulting,,,,2015-07-01,2016-06-30,FY2016,2016,,"US$7,846 million",7846,,,US$ millions,USD,millions,USD,7846000000,7846000000,,,,,reported,reported,Combined global member-firm revenue attributed to the service line named in the source.,,,,,,src_ey_fy16,EY FY16 global revenues and headcount tables; basis note,"Advisory | US$7,846m",manual_web_or_pdf_transcription,5,5,verified_official,false,,
obs_ey_revenue_service_fy16_assurance,global_revenue_service_line,EY,ent_ey_global,EY global organization,global_network,Global,,,Assurance,assurance,,,,2015-07-01,2016-06-30,FY2016,2016,,"US$11,301 million",11301,,,US$ millions,USD,millions,USD,11301000000,11301000000,,,,,reported,reported,Combined global member-firm revenue attributed to the service line named in the source.,,,,,,src_ey_fy16,EY FY16 global revenues and headcount tables; basis note,"Assurance | US$11,301m",manual_web_or_pdf_transcription,5,5,verified_official,false,,
obs_ey_revenue_service_fy16_tax,global_revenue_service_line,EY,ent_ey_global,EY global organization,global_network,Global,,,Tax,tax,,,,2015-07-01,2016-06-30,FY2016,2016,,"US$7,751 million",7751,,,US$ millions,USD,millions,USD,7751000000,7751000000,,,,,reported,reported,Combined global member-firm revenue attributed to the service line named in the source.,,,,,,src_ey_fy16,EY FY16 global revenues and headcount tables; basis note,"Tax | US$7,751m",manual_web_or_pdf_transcription,5,5,verified_official,false,,
obs_ey_revenue_service_fy16_strategy_and_transactions,global_revenue_service_line,EY,ent_ey_global,EY global organization,global_network,Global,,,Transaction Advisory Services,strategy_and_transactions,,,,2015-07-01,2016-06-30,FY2016,2016,,"US$2,728 million",2728,,,US$ millions,USD,millions,USD,2728000000,2728000000,,,,,reported,reported,Combined global member-firm revenue attributed to the service line named in the source.,,,,,,src_ey_fy16,EY FY16 global revenues and headcount tables; basis note,"Transaction Advisory Services | US$2,728m",manual_web_or_pdf_transcription,5,5,verified_official,false,,
obs_ey_revenue_service_fy17_consulting,global_revenue_service_line,EY,ent_ey_global,EY global organization,global_network,Global,,,Advisory,consulting,,,,2016-07-01,2017-06-30,FY2017,2017,,"US$8,526 million",8526,,,US$ millions,USD,millions,USD,8526000000,8526000000,,,,,reported,reported,Combined global member-firm revenue attributed to the service line named in the source.,,,,,,src_ey_fy17,"EY revenues by service line, geographic area and headcount tables; basis note","Advisory | US$8,526m",manual_web_or_pdf_transcription,5,5,verified_official,false,,
obs_ey_revenue_service_fy17_assurance,global_revenue_service_line,EY,ent_ey_global,EY global organization,global_network,Global,,,Assurance,assurance,,,,2016-07-01,2017-06-30,FY2017,2017,,"US$11,632 million",11632,,,US$ millions,USD,millions,USD,11632000000,11632000000,,,,,reported,reported,Combined global member-firm revenue attributed to the service line named in the source.,,,,,,src_ey_fy17,"EY revenues by service line, geographic area and headcount tables; basis note","Assurance | US$11,632m",manual_web_or_pdf_transcription,5,5,verified_official,false,,
obs_ey_revenue_service_fy17_tax,global_revenue_service_line,EY,ent_ey_global,EY global organization,global_network,Global,,,Tax,tax,,,,2016-07-01,2017-06-30,FY2017,2017,,"US$8,179 million",8179,,,US$ millions,USD,millions,USD,8179000000,8179000000,,,,,reported,reported,Combined global member-firm revenue attributed to the service line named in the source.,,,,,,src_ey_fy17,"EY revenues by service line, geographic area and headcount tables; basis note","Tax | US$8,179m",manual_web_or_pdf_transcription,5,5,verified_official,false,,
obs_ey_revenue_service_fy17_strategy_and_transactions,global_revenue_service_line,EY,ent_ey_global,EY global organization,global_network,Global,,,Transaction Advisory Services,strategy_and_transactions,,,,2016-07-01,2017-06-30,FY2017,2017,,"US$3,067 million",3067,,,US$ millions,USD,millions,USD,3067000000,3067000000,,,,,reported,reported,Combined global member-firm revenue attributed to the service line named in the source.,,,,,,src_ey_fy17,"EY revenues by service line, geographic area and headcount tables; basis note","Transaction Advisory Services | US$3,067m",manual_web_or_pdf_transcription,5,5,verified_official,false,,
obs_ey_revenue_service_fy18_consulting,global_revenue_service_line,EY,ent_ey_global,EY global organization,global_network,Global,,,Advisory,consulting,,,,2017-07-01,2018-06-30,FY2018,2018,,"US$9,621 million",9621,,,US$ millions,USD,millions,USD,9621000000,9621000000,,,,,reported,reported,Combined global member-firm revenue attributed to the service line named in the source.,,,,,,src_ey_fy18,"EY revenues by service line, geographic area and headcount tables; basis note","Advisory | US$9,621m",manual_web_or_pdf_transcription,5,5,verified_official,false,,
obs_ey_revenue_service_fy18_assurance,global_revenue_service_line,EY,ent_ey_global,EY global organization,global_network,Global,,,Assurance,assurance,,,,2017-07-01,2018-06-30,FY2018,2018,,"US$12,534 million",12534,,,US$ millions,USD,millions,USD,12534000000,12534000000,,,,,reported,reported,Combined global member-firm revenue attributed to the service line named in the source.,,,,,,src_ey_fy18,"EY revenues by service line, geographic area and headcount tables; basis note","Assurance | US$12,534m",manual_web_or_pdf_transcription,5,5,verified_official,false,,
obs_ey_revenue_service_fy18_tax,global_revenue_service_line,EY,ent_ey_global,EY global organization,global_network,Global,,,Tax,tax,,,,2017-07-01,2018-06-30,FY2018,2018,,"US$8,995 million",8995,,,US$ millions,USD,millions,USD,8995000000,8995000000,,,,,reported,reported,Combined global member-firm revenue attributed to the service line named in the source.,,,,,,src_ey_fy18,"EY revenues by service line, geographic area and headcount tables; basis note","Tax | US$8,995m",manual_web_or_pdf_transcription,5,5,verified_official,false,,
obs_ey_revenue_service_fy18_strategy_and_transactions,global_revenue_service_line,EY,ent_ey_global,EY global organization,global_network,Global,,,Transaction Advisory Services,strategy_and_transactions,,,,2017-07-01,2018-06-30,FY2018,2018,,"US$3,622 million",3622,,,US$ millions,USD,millions,USD,3622000000,3622000000,,,,,reported,reported,Combined global member-firm revenue attributed to the service line named in the source.,,,,,,src_ey_fy18,"EY revenues by service line, geographic area and headcount tables; basis note","Transaction Advisory Services | US$3,622m",manual_web_or_pdf_transcription,5,5,verified_official,false,,
obs_ey_revenue_service_fy19_consulting,global_revenue_service_line,EY,ent_ey_global,EY global organization,global_network,Global,,,Advisory,consulting,,,,2018-07-01,2019-06-30,FY2019,2019,,"US$10,236 million",10236,,,US$ millions,USD,millions,USD,10236000000,10236000000,,,,,reported,reported,Combined global member-firm revenue attributed to the service line named in the source.,,,,,,src_ey_fy19,"EY revenues by service line, geographic area and headcount tables; basis note","Advisory | US$10,236m",manual_web_or_pdf_transcription,5,5,verified_official,false,,
obs_ey_revenue_service_fy19_assurance,global_revenue_service_line,EY,ent_ey_global,EY global organization,global_network,Global,,,Assurance,assurance,,,,2018-07-01,2019-06-30,FY2019,2019,,"US$12,646 million",12646,,,US$ millions,USD,millions,USD,12646000000,12646000000,,,,,reported,reported,Combined global member-firm revenue attributed to the service line named in the source.,,,,,,src_ey_fy19,"EY revenues by service line, geographic area and headcount tables; basis note","Assurance | US$12,646m",manual_web_or_pdf_transcription,5,5,verified_official,false,,
obs_ey_revenue_service_fy19_tax,global_revenue_service_line,EY,ent_ey_global,EY global organization,global_network,Global,,,Tax,tax,,,,2018-07-01,2019-06-30,FY2019,2019,,"US$9,460 million",9460,,,US$ millions,USD,millions,USD,9460000000,9460000000,,,,,reported,reported,Combined global member-firm revenue attributed to the service line named in the source.,,,,,,src_ey_fy19,"EY revenues by service line, geographic area and headcount tables; basis note","Tax | US$9,460m",manual_web_or_pdf_transcription,5,5,verified_official,false,,
obs_ey_revenue_service_fy19_strategy_and_transactions,global_revenue_service_line,EY,ent_ey_global,EY global organization,global_network,Global,,,Transaction Advisory Services,strategy_and_transactions,,,,2018-07-01,2019-06-30,FY2019,2019,,"US$4,052 million",4052,,,US$ millions,USD,millions,USD,4052000000,4052000000,,,,,reported,reported,Combined global member-firm revenue attributed to the service line named in the source.,,,,,,src_ey_fy19,"EY revenues by service line, geographic area and headcount tables; basis note","Transaction Advisory Services | US$4,052m",manual_web_or_pdf_transcription,5,5,verified_official,false,,
obs_ey_revenue_service_fy20_assurance,global_revenue_service_line,EY,ent_ey_global,EY global organization,global_network,Global,,,Assurance,assurance,,,,2019-07-01,2020-06-30,FY2020,2020,,"US$12,821 million",12821,,,US$ millions,USD,millions,USD,12821000000,12821000000,,,,,reported,reported,Combined global member-firm revenue attributed to the service line named in the source.,,,,,,src_ey_fy20,EY FY20 June YTD Global revenues and headcount tables; Basis of presentation,"Assurance | US$12,821m",manual_web_or_pdf_transcription,5,5,verified_official,false,,
obs_ey_revenue_service_fy20_consulting_restated_fy21,global_revenue_service_line,EY,ent_ey_global,EY global organization,global_network,Global,,,Consulting,consulting,,,,2019-07-01,2020-06-30,FY2020,2020,,"US$10,467 million",10467,,,US$ millions,USD,millions,USD,10467000000,10467000000,,,,,reported,reported,FY20 service-line comparator presented under the FY21 Consulting and Strategy and Transactions structure.,,,,,,src_ey_fy21,EY FY21 June YTD Global revenues and headcount tables; Basis of presentation,"FY20 Consulting comparator | US$10,467m",manual_web_or_pdf_transcription,5,5,verified_official,true,obs_ey_revenue_service_fy20_consulting_original,FY21 source reclassified US$92m of FY20 revenue from Consulting to Strategy and Transactions.
obs_ey_revenue_service_fy20_strategy_and_transactions_restated_fy21,global_revenue_service_line,EY,ent_ey_global,EY global organization,global_network,Global,,,Strategy and Transactions,strategy_and_transactions,,,,2019-07-01,2020-06-30,FY2020,2020,,"US$4,181 million",4181,,,US$ millions,USD,millions,USD,4181000000,4181000000,,,,,reported,reported,FY20 service-line comparator presented under the FY21 Consulting and Strategy and Transactions structure.,,,,,,src_ey_fy21,EY FY21 June YTD Global revenues and headcount tables; Basis of presentation,"FY20 Strategy and Transactions comparator | US$4,181m",manual_web_or_pdf_transcription,5,5,verified_official,true,obs_ey_revenue_service_fy20_strategy_and_transactions_original,FY21 source reclassified US$92m of FY20 revenue from Consulting to Strategy and Transactions.
obs_ey_revenue_service_fy20_tax,global_revenue_service_line,EY,ent_ey_global,EY global organization,global_network,Global,,,Tax,tax,,,,2019-07-01,2020-06-30,FY2020,2020,,"US$9,765 million",9765,,,US$ millions,USD,millions,USD,9765000000,9765000000,,,,,reported,reported,Combined global member-firm revenue attributed to the service line named in the source.,,,,,,src_ey_fy20,EY FY20 June YTD Global revenues and headcount tables; Basis of presentation,"Tax | US$9,765m",manual_web_or_pdf_transcription,5,5,verified_official,false,,
obs_ey_revenue_service_fy21_assurance,global_revenue_service_line,EY,ent_ey_global,EY global organization,global_network,Global,,,Assurance,assurance,,,,2020-07-01,2021-06-30,FY2021,2021,,"US$13,567 million",13567,,,US$ millions,USD,millions,USD,13567000000,13567000000,,,,,reported,reported,Combined global member-firm revenue attributed to the service line named in the source.,,,,,,src_ey_fy21,EY FY21 June YTD Global revenues and headcount tables; Basis of presentation,"Assurance | US$13,567m",manual_web_or_pdf_transcription,5,5,verified_official,false,,
obs_ey_revenue_service_fy21_consulting,global_revenue_service_line,EY,ent_ey_global,EY global organization,global_network,Global,,,Consulting,consulting,,,,2020-07-01,2021-06-30,FY2021,2021,,"US$11,135 million",11135,,,US$ millions,USD,millions,USD,11135000000,11135000000,,,,,reported,reported,Combined global member-firm revenue attributed to the service line named in the source.,,,,,,src_ey_fy21,EY FY21 June YTD Global revenues and headcount tables; Basis of presentation,"Consulting | US$11,135m",manual_web_or_pdf_transcription,5,5,verified_official,false,,
obs_ey_revenue_service_fy21_strategy_and_transactions,global_revenue_service_line,EY,ent_ey_global,EY global organization,global_network,Global,,,Strategy and Transactions,strategy_and_transactions,,,,2020-07-01,2021-06-30,FY2021,2021,,"US$4,790 million",4790,,,US$ millions,USD,millions,USD,4790000000,4790000000,,,,,reported,reported,Combined global member-firm revenue attributed to the service line named in the source.,,,,,,src_ey_fy21,EY FY21 June YTD Global revenues and headcount tables; Basis of presentation,"Strategy and Transactions | US$4,790m",manual_web_or_pdf_transcription,5,5,verified_official,false,,
obs_ey_revenue_service_fy21_tax,global_revenue_service_line,EY,ent_ey_global,EY global organization,global_network,Global,,,Tax,tax,,,,2020-07-01,2021-06-30,FY2021,2021,,"US$10,467 million",10467,,,US$ millions,USD,millions,USD,10467000000,10467000000,,,,,reported,reported,Combined global member-firm revenue attributed to the service line named in the source.,,,,,,src_ey_fy21,EY FY21 June YTD Global revenues and headcount tables; Basis of presentation,"Tax | US$10,467m",manual_web_or_pdf_transcription,5,5,verified_official,false,,
obs_ey_revenue_service_fy22_assurance_restated_fy23,global_revenue_service_line,EY,ent_ey_global,EY global organization,global_network,Global,,,Assurance,assurance,,,,2021-07-01,2022-06-30,FY2022,2022,,"US$14,282 million",14282,,,US$ millions,USD,millions,USD,14282000000,14282000000,,,,,reported,reported,FY22 service-line comparator restated to exclude units no longer part of EY operations in FY23.,,,,,,src_ey_fy23,EY FY23 June YTD Global revenues and headcount tables; Basis of presentation,"FY22 restated Assurance | US$14,282m",manual_web_or_pdf_transcription,5,5,verified_official,true,obs_ey_revenue_service_fy22_assurance_original,Use this version for like-for-like comparison with FY23.
obs_ey_revenue_service_fy22_consulting_restated_fy23,global_revenue_service_line,EY,ent_ey_global,EY global organization,global_network,Global,,,Consulting,consulting,,,,2021-07-01,2022-06-30,FY2022,2022,,"US$13,795 million",13795,,,US$ millions,USD,millions,USD,13795000000,13795000000,,,,,reported,reported,FY22 service-line comparator restated to exclude units no longer part of EY operations in FY23.,,,,,,src_ey_fy23,EY FY23 June YTD Global revenues and headcount tables; Basis of presentation,"FY22 restated Consulting | US$13,795m",manual_web_or_pdf_transcription,5,5,verified_official,true,obs_ey_revenue_service_fy22_consulting_original,Use this version for like-for-like comparison with FY23.
obs_ey_revenue_service_fy22_strategy_and_transactions_restated_fy23,global_revenue_service_line,EY,ent_ey_global,EY global organization,global_network,Global,,,Strategy and Transactions,strategy_and_transactions,,,,2021-07-01,2022-06-30,FY2022,2022,,"US$5,848 million",5848,,,US$ millions,USD,millions,USD,5848000000,5848000000,,,,,reported,reported,FY22 service-line comparator restated to exclude units no longer part of EY operations in FY23.,,,,,,src_ey_fy23,EY FY23 June YTD Global revenues and headcount tables; Basis of presentation,"FY22 restated Strategy and Transactions | US$5,848m",manual_web_or_pdf_transcription,5,5,verified_official,true,obs_ey_revenue_service_fy22_strategy_and_transactions_original,Use this version for like-for-like comparison with FY23.
obs_ey_revenue_service_fy22_tax_restated_fy23,global_revenue_service_line,EY,ent_ey_global,EY global organization,global_network,Global,,,Tax,tax,,,,2021-07-01,2022-06-30,FY2022,2022,,"US$11,240 million",11240,,,US$ millions,USD,millions,USD,11240000000,11240000000,,,,,reported,reported,FY22 service-line comparator restated to exclude units no longer part of EY operations in FY23.,,,,,,src_ey_fy23,EY FY23 June YTD Global revenues and headcount tables; Basis of presentation,"FY22 restated Tax | US$11,240m",manual_web_or_pdf_transcription,5,5,verified_official,true,obs_ey_revenue_service_fy22_tax_original,Use this version for like-for-like comparison with FY23.
obs_ey_revenue_service_fy23_assurance,global_revenue_service_line,EY,ent_ey_global,EY global organization,global_network,Global,,,Assurance,assurance,,,,2022-07-01,2023-06-30,FY2023,2023,,"US$15,096 million",15096,,,US$ millions,USD,millions,USD,15096000000,15096000000,,,,,reported,reported,Combined global member-firm revenue attributed to the service line named in the source.,,,,,,src_ey_fy23,EY FY23 June YTD Global revenues and headcount tables; Basis of presentation,"Assurance | US$15,096m",manual_web_or_pdf_transcription,5,5,verified_official,false,,
obs_ey_revenue_service_fy23_consulting,global_revenue_service_line,EY,ent_ey_global,EY global organization,global_network,Global,,,Consulting,consulting,,,,2022-07-01,2023-06-30,FY2023,2023,,"US$16,104 million",16104,,,US$ millions,USD,millions,USD,16104000000,16104000000,,,,,reported,reported,Combined global member-firm revenue attributed to the service line named in the source.,,,,,,src_ey_fy23,EY FY23 June YTD Global revenues and headcount tables; Basis of presentation,"Consulting | US$16,104m",manual_web_or_pdf_transcription,5,5,verified_official,false,,
obs_ey_revenue_service_fy23_strategy_and_transactions,global_revenue_service_line,EY,ent_ey_global,EY global organization,global_network,Global,,,Strategy and Transactions,strategy_and_transactions,,,,2022-07-01,2023-06-30,FY2023,2023,,"US$6,066 million",6066,,,US$ millions,USD,millions,USD,6066000000,6066000000,,,,,reported,reported,Combined global member-firm revenue attributed to the service line named in the source.,,,,,,src_ey_fy23,EY FY23 June YTD Global revenues and headcount tables; Basis of presentation,"Strategy and Transactions | US$6,066m",manual_web_or_pdf_transcription,5,5,verified_official,false,,
obs_ey_revenue_service_fy23_tax,global_revenue_service_line,EY,ent_ey_global,EY global organization,global_network,Global,,,Tax,tax,,,,2022-07-01,2023-06-30,FY2023,2023,,"US$12,088 million",12088,,,US$ millions,USD,millions,USD,12088000000,12088000000,,,,,reported,reported,Combined global member-firm revenue attributed to the service line named in the source.,,,,,,src_ey_fy23,EY FY23 June YTD Global revenues and headcount tables; Basis of presentation,"Tax | US$12,088m",manual_web_or_pdf_transcription,5,5,verified_official,false,,
obs_ey_revenue_service_fy24_assurance,global_revenue_service_line,EY,ent_ey_global,EY global organization,global_network,Global,,,Assurance,assurance,,,,2023-07-01,2024-06-30,FY2024,2024,,"US$17,299 million",17299,,,US$ millions,USD,millions,USD,17299000000,17299000000,,,,,reported,reported,Combined global member-firm revenue attributed to the service line named in the source.,,,,,,src_ey_fy24,EY FY24 June YTD Global revenues and headcount tables; Basis of presentation,"Assurance | US$17,299m",manual_web_or_pdf_transcription,5,5,verified_official,false,,
obs_ey_revenue_service_fy24_consulting,global_revenue_service_line,EY,ent_ey_global,EY global organization,global_network,Global,,,Consulting,consulting,,,,2023-07-01,2024-06-30,FY2024,2024,,"US$15,606 million",15606,,,US$ millions,USD,millions,USD,15606000000,15606000000,,,,,reported,reported,Combined global member-firm revenue attributed to the service line named in the source.,,,,,,src_ey_fy24,EY FY24 June YTD Global revenues and headcount tables; Basis of presentation,"Consulting | US$15,606m",manual_web_or_pdf_transcription,5,5,verified_official,false,,
obs_ey_revenue_service_fy24_strategy_and_transactions,global_revenue_service_line,EY,ent_ey_global,EY global organization,global_network,Global,,,Strategy and Transactions,strategy_and_transactions,,,,2023-07-01,2024-06-30,FY2024,2024,,"US$6,236 million",6236,,,US$ millions,USD,millions,USD,6236000000,6236000000,,,,,reported,reported,Combined global member-firm revenue attributed to the service line named in the source.,,,,,,src_ey_fy24,EY FY24 June YTD Global revenues and headcount tables; Basis of presentation,"Strategy and Transactions | US$6,236m",manual_web_or_pdf_transcription,5,5,verified_official,false,,
obs_ey_revenue_service_fy24_tax,global_revenue_service_line,EY,ent_ey_global,EY global organization,global_network,Global,,,Tax,tax,,,,2023-07-01,2024-06-30,FY2024,2024,,"US$12,080 million",12080,,,US$ millions,USD,millions,USD,12080000000,12080000000,,,,,reported,reported,Combined global member-firm revenue attributed to the service line named in the source.,,,,,,src_ey_fy24,EY FY24 June YTD Global revenues and headcount tables; Basis of presentation,"Tax | US$12,080m",manual_web_or_pdf_transcription,5,5,verified_official,false,,
obs_ey_revenue_service_fy25_assurance,global_revenue_service_line,EY,ent_ey_global,EY global organization,global_network,Global,,,Assurance,assurance,,,,2024-07-01,2025-06-30,FY2025,2025,,"US$17,877 million",17877,,,US$ millions,USD,millions,USD,17877000000,17877000000,,,,,reported,reported,Combined global member-firm revenue attributed to the service line named in the source.,,,,,,src_ey_fy25,EY FY25 June YTD Global revenues and headcount tables; Basis of presentation,"Assurance | US$17,877m",manual_web_or_pdf_transcription,5,5,verified_official,false,,
obs_ey_revenue_service_fy25_consulting,global_revenue_service_line,EY,ent_ey_global,EY global organization,global_network,Global,,,Consulting,consulting,,,,2024-07-01,2025-06-30,FY2025,2025,,"US$16,400 million",16400,,,US$ millions,USD,millions,USD,16400000000,16400000000,,,,,reported,reported,Combined global member-firm revenue attributed to the service line named in the source.,,,,,,src_ey_fy25,EY FY25 June YTD Global revenues and headcount tables; Basis of presentation,"Consulting | US$16,400m",manual_web_or_pdf_transcription,5,5,verified_official,false,,
obs_ey_revenue_service_fy25_strategy_and_transactions,global_revenue_service_line,EY,ent_ey_global,EY global organization,global_network,Global,,,Strategy and Transactions,strategy_and_transactions,,,,2024-07-01,2025-06-30,FY2025,2025,,"US$6,235 million",6235,,,US$ millions,USD,millions,USD,6235000000,6235000000,,,,,reported,reported,Combined global member-firm revenue attributed to the service line named in the source.,,,,,,src_ey_fy25,EY FY25 June YTD Global revenues and headcount tables; Basis of presentation,"Strategy and Transactions | US$6,235m",manual_web_or_pdf_transcription,5,5,verified_official,false,,
obs_ey_revenue_service_fy25_tax,global_revenue_service_line,EY,ent_ey_global,EY global organization,global_network,Global,,,Tax,tax,,,,2024-07-01,2025-06-30,FY2025,2025,,"US$12,707 million",12707,,,US$ millions,USD,millions,USD,12707000000,12707000000,,,,,reported,reported,Combined global member-firm revenue attributed to the service line named in the source.,,,,,,src_ey_fy25,EY FY25 June YTD Global revenues and headcount tables; Basis of presentation,"Tax | US$12,707m",manual_web_or_pdf_transcription,5,5,verified_official,false,,
obs_kpmg_0056,global_revenue_service_line,KPMG,ent_kpmg_global,KPMG global organization,global_network,Global,,,Advisory,combined_not_separable,,,,2014-10-01,2015-09-30,FY2015,2015,,US$9.1 billion,9.1,,,US$ billion,USD,billion,USD,9100000000,9100000000,,,,,reported,reported,Source-defined global member-firm revenue component.,,,,,,src_kpmg_ar2015,"PDF p.39, By function",Advisory 9.1,visual_pdf_table,3,4,,false,,
obs_kpmg_0054,global_revenue_service_line,KPMG,ent_kpmg_global,KPMG global organization,global_network,Global,,,Audit,audit_assurance_attest,,,,2014-10-01,2015-09-30,FY2015,2015,,US$10.03 billion,10.03,,,US$ billion,USD,billion,USD,10030000000,10030000000,,,,,reported,reported,Source-defined global member-firm revenue component.,,,,,,src_kpmg_ar2015,"PDF p.39, By function",Audit 10.03,visual_pdf_table,3,4,,false,,
obs_kpmg_0055,global_revenue_service_line,KPMG,ent_kpmg_global,KPMG global organization,global_network,Global,,,Tax,tax_legal,,,,2014-10-01,2015-09-30,FY2015,2015,,US$5.31 billion,5.31,,,US$ billion,USD,billion,USD,5310000000,5310000000,,,,,reported,reported,Source-defined global member-firm revenue component.,,,,,,src_kpmg_ar2015,"PDF p.39, By function",Tax 5.31,visual_pdf_table,3,4,,false,,
obs_kpmg_0059,global_revenue_service_line,KPMG,ent_kpmg_global,KPMG global organization,global_network,Global,,,Advisory,combined_not_separable,,,,2015-10-01,2016-09-30,FY2016,2016,,US$9.74 billion,9.74,,,US$ billion,USD,billion,USD,9740000000,9740000000,,,,,reported,reported,Source-defined global member-firm revenue component.,,,,,,src_kpmg_ar2016,"PDF p.36, By function",Advisory 9.74,manual_web_text,3,4,,false,,
obs_kpmg_0057,global_revenue_service_line,KPMG,ent_kpmg_global,KPMG global organization,global_network,Global,,,Audit,audit_assurance_attest,,,,2015-10-01,2016-09-30,FY2016,2016,,US$10.12 billion,10.12,,,US$ billion,USD,billion,USD,10120000000,10120000000,,,,,reported,reported,Source-defined global member-firm revenue component.,,,,,,src_kpmg_ar2016,"PDF p.36, By function",Audit 10.12,manual_web_text,3,4,,false,,
obs_kpmg_0058,global_revenue_service_line,KPMG,ent_kpmg_global,KPMG global organization,global_network,Global,,,Tax,tax_legal,,,,2015-10-01,2016-09-30,FY2016,2016,,US$5.56 billion,5.56,,,US$ billion,USD,billion,USD,5560000000,5560000000,,,,,reported,reported,Source-defined global member-firm revenue component.,,,,,,src_kpmg_ar2016,"PDF p.36, By function",Tax 5.56,manual_web_text,3,4,,false,,
obs_kpmg_0062,global_revenue_service_line,KPMG,ent_kpmg_global,KPMG global organization,global_network,Global,,,Advisory,combined_not_separable,,,,2016-10-01,2017-09-30,FY2017,2017,,US$10.18 billion,10.18,,,US$ billion,USD,billion,USD,10180000000,10180000000,,,,,reported,reported,Source-defined global member-firm revenue component.,,,,,,src_kpmg_ar2017,"PDF p.40, Function",Advisory 10.18,manual_web_text,3,4,,false,,
obs_kpmg_0060,global_revenue_service_line,KPMG,ent_kpmg_global,KPMG global organization,global_network,Global,,,Audit,audit_assurance_attest,,,,2016-10-01,2017-09-30,FY2017,2017,,US$10.39 billion,10.39,,,US$ billion,USD,billion,USD,10390000000,10390000000,,,,,reported,reported,Source-defined global member-firm revenue component.,,,,,,src_kpmg_ar2017,"PDF p.40, Function",Audit 10.39,manual_web_text,3,4,,false,,
obs_kpmg_0061,global_revenue_service_line,KPMG,ent_kpmg_global,KPMG global organization,global_network,Global,,,Tax,tax_legal,,,,2016-10-01,2017-09-30,FY2017,2017,,US$5.83 billion,5.83,,,US$ billion,USD,billion,USD,5830000000,5830000000,,,,,reported,reported,Source-defined global member-firm revenue component.,,,,,,src_kpmg_ar2017,"PDF p.40, Function",Tax 5.83,manual_web_text,3,4,,false,,
obs_kpmg_0065,global_revenue_service_line,KPMG,ent_kpmg_global,KPMG global organization,global_network,Global,,,Advisory,combined_not_separable,,,,2017-10-01,2018-09-30,FY2018,2018,,US$11.47 billion,11.47,,,US$ billion,USD,billion,USD,11470000000,11470000000,,,,,reported,reported,Source-defined global member-firm revenue component.,,,,,,src_kpmg_fy18,"PDF p.4, Functions table",Advisory 11.47,manual_web_text,3,4,,false,,
obs_kpmg_0063,global_revenue_service_line,KPMG,ent_kpmg_global,KPMG global organization,global_network,Global,,,Audit,audit_assurance_attest,,,,2017-10-01,2018-09-30,FY2018,2018,,US$11.15 billion,11.15,,,US$ billion,USD,billion,USD,11150000000,11150000000,,,,,reported,reported,Source-defined global member-firm revenue component.,,,,,,src_kpmg_fy18,"PDF p.4, Functions table",Audit 11.15,manual_web_text,3,4,,false,,
obs_kpmg_0064,global_revenue_service_line,KPMG,ent_kpmg_global,KPMG global organization,global_network,Global,,,Tax,tax_legal,,,,2017-10-01,2018-09-30,FY2018,2018,,US$6.34 billion,6.34,,,US$ billion,USD,billion,USD,6340000000,6340000000,,,,,reported,reported,Source-defined global member-firm revenue component.,,,,,,src_kpmg_fy18,"PDF p.4, Functions table",Tax 6.34,manual_web_text,3,4,,false,,
obs_kpmg_0068,global_revenue_service_line,KPMG,ent_kpmg_global,KPMG global organization,global_network,Global,,,Advisory,combined_not_separable,,,,2018-10-01,2019-09-30,FY2019,2019,,US$11.95 billion,11.95,,,US$ billion,USD,billion,USD,11950000000,11950000000,,,,,reported,reported,Source-defined global member-firm revenue component.,,,,,,src_kpmg_ar2019,"PDF p.49, function-by-region table",Advisory 11.95,official_search_index,3,4,verify_pdf_on_refresh,false,,
obs_kpmg_0066,global_revenue_service_line,KPMG,ent_kpmg_global,KPMG global organization,global_network,Global,,,Audit,audit_assurance_attest,,,,2018-10-01,2019-09-30,FY2019,2019,,US$11.18 billion,11.18,,,US$ billion,USD,billion,USD,11180000000,11180000000,,,,,reported,reported,Source-defined global member-firm revenue component.,,,,,,src_kpmg_ar2019,"PDF p.49, function-by-region table",Audit 11.18,official_search_index,3,4,verify_pdf_on_refresh,false,,
obs_kpmg_0067,global_revenue_service_line,KPMG,ent_kpmg_global,KPMG global organization,global_network,Global,,,Tax & Legal,tax_legal,,,,2018-10-01,2019-09-30,FY2019,2019,,US$6.62 billion,6.62,,,US$ billion,USD,billion,USD,6620000000,6620000000,,,,,reported,reported,Source-defined global member-firm revenue component.,,,,,,src_kpmg_ar2019,"PDF p.49, function-by-region table",Tax & Legal 6.62,official_search_index,3,4,verify_pdf_on_refresh,false,,
obs_kpmg_0071,global_revenue_service_line,KPMG,ent_kpmg_global,KPMG global organization,global_network,Global,,,Advisory,combined_not_separable,,,,2019-10-01,2020-09-30,FY2020,2020,,US$11.67 billion,11.67,,,US$ billion,USD,billion,USD,11670000000,11670000000,,,,,reported,reported,Source-defined global member-firm revenue component.,,,,,,src_kpmg_fy20,Service-line sections,Advisory 11.67,manual_web_text,3,4,,false,,
obs_kpmg_0069,global_revenue_service_line,KPMG,ent_kpmg_global,KPMG global organization,global_network,Global,,,Audit,audit_assurance_attest,,,,2019-10-01,2020-09-30,FY2020,2020,,US$11.07 billion,11.07,,,US$ billion,USD,billion,USD,11070000000,11070000000,,,,,reported,reported,Source-defined global member-firm revenue component.,,,,,,src_kpmg_fy20,Service-line sections,Audit 11.07,manual_web_text,3,4,,false,,
obs_kpmg_0070,global_revenue_service_line,KPMG,ent_kpmg_global,KPMG global organization,global_network,Global,,,Tax and Legal Services,tax_legal,,,,2019-10-01,2020-09-30,FY2020,2020,,US$6.48 billion,6.48,,,US$ billion,USD,billion,USD,6480000000,6480000000,,,,,reported,reported,Source-defined global member-firm revenue component.,,,,,,src_kpmg_fy20,Service-line sections,Tax and Legal Services 6.48,manual_web_text,3,4,,false,,
obs_kpmg_0074,global_revenue_service_line,KPMG,ent_kpmg_global,KPMG global organization,global_network,Global,,,Advisory,combined_not_separable,,,,2020-10-01,2021-09-30,FY2021,2021,,US$13.65 billion,13.65,,,US$ billion,USD,billion,USD,13650000000,13650000000,,,,,reported,reported,Source-defined global member-firm revenue component.,,,,,,src_kpmg_fy21,Revenue table,Advisory 13.65,manual_web_text,3,4,,false,,
obs_kpmg_0072,global_revenue_service_line,KPMG,ent_kpmg_global,KPMG global organization,global_network,Global,,,Audit,audit_assurance_attest,,,,2020-10-01,2021-09-30,FY2021,2021,,US$11.46 billion,11.46,,,US$ billion,USD,billion,USD,11460000000,11460000000,,,,,reported,reported,Source-defined global member-firm revenue component.,,,,,,src_kpmg_fy21,Revenue table,Audit 11.46,manual_web_text,3,4,,false,,
obs_kpmg_0073,global_revenue_service_line,KPMG,ent_kpmg_global,KPMG global organization,global_network,Global,,,Tax and Legal Services,tax_legal,,,,2020-10-01,2021-09-30,FY2021,2021,,US$7.02 billion,7.02,,,US$ billion,USD,billion,USD,7020000000,7020000000,,,,,reported,reported,Source-defined global member-firm revenue component.,,,,,,src_kpmg_fy21,Revenue table,Tax and Legal Services 7.02,manual_web_text,3,4,,false,,
obs_kpmg_0077,global_revenue_service_line,KPMG,ent_kpmg_global,KPMG global organization,global_network,Global,,,Advisory,combined_not_separable,,,,2021-10-01,2022-09-30,FY2022,2022,,US$15.44 billion,15.44,,,US$ billion,USD,billion,USD,15440000000,15440000000,,,,,reported,reported,Source-defined global member-firm revenue component.,,,,,,src_kpmg_fy22,"Notes to editors, Functions table",Advisory 15.44,manual_web_text,3,4,,false,,
obs_kpmg_0075,global_revenue_service_line,KPMG,ent_kpmg_global,KPMG global organization,global_network,Global,,,Audit,audit_assurance_attest,,,,2021-10-01,2022-09-30,FY2022,2022,,US$11.85 billion,11.85,,,US$ billion,USD,billion,USD,11850000000,11850000000,,,,,reported,reported,Source-defined global member-firm revenue component.,,,,,,src_kpmg_fy22,"Notes to editors, Functions table",Audit 11.85,manual_web_text,3,4,,false,,
obs_kpmg_0076,global_revenue_service_line,KPMG,ent_kpmg_global,KPMG global organization,global_network,Global,,,Tax and Legal Services,tax_legal,,,,2021-10-01,2022-09-30,FY2022,2022,,US$7.35 billion,7.35,,,US$ billion,USD,billion,USD,7350000000,7350000000,,,,,reported,reported,Source-defined global member-firm revenue component.,,,,,,src_kpmg_fy22,"Notes to editors, Functions table",Tax and Legal Services 7.35,manual_web_text,3,4,,false,,
obs_kpmg_0080,global_revenue_service_line,KPMG,ent_kpmg_global,KPMG global organization,global_network,Global,,,Advisory,combined_not_separable,,,,2022-10-01,2023-09-30,FY2023,2023,,US$15.9 billion,15.9,,,US$ billion,USD,billion,USD,15900000000,15900000000,,,,,reported,reported,Source-defined global member-firm revenue component.,,,,,,src_kpmg_fy23,"Notes to editors, Functions table",Advisory 15.9,manual_web_text,3,4,,false,,
obs_kpmg_0078,global_revenue_service_line,KPMG,ent_kpmg_global,KPMG global organization,global_network,Global,,,Audit,audit_assurance_attest,,,,2022-10-01,2023-09-30,FY2023,2023,,US$12.6 billion,12.6,,,US$ billion,USD,billion,USD,12600000000,12600000000,,,,,reported,reported,Source-defined global member-firm revenue component.,,,,,,src_kpmg_fy23,"Notes to editors, Functions table",Audit 12.6,manual_web_text,3,4,,false,,
obs_kpmg_0079,global_revenue_service_line,KPMG,ent_kpmg_global,KPMG global organization,global_network,Global,,,Tax and Legal Services,tax_legal,,,,2022-10-01,2023-09-30,FY2023,2023,,US$7.9 billion,7.9,,,US$ billion,USD,billion,USD,7900000000,7900000000,,,,,reported,reported,Source-defined global member-firm revenue component.,,,,,,src_kpmg_fy23,"Notes to editors, Functions table",Tax and Legal Services 7.9,manual_web_text,3,4,,false,,
obs_kpmg_0086,global_revenue_service_line,KPMG,ent_kpmg_global,KPMG global organization,global_network,Global,,,Advisory,combined_not_separable,,,,2023-10-01,2024-09-30,FY2024,2024,,US$15.9 billion,15.9,,,US$ billion,USD,billion,USD,15900000000,15900000000,,,,,reported,reported,Source-defined global member-firm revenue component.,,,,,,src_kpmg_fy25,Embedded Revenue Function table,FY24 Advisory 15.9,embedded_infogram_json,3,4,,true,obs_kpmg_0083,Restated continuing-operations comparison.
obs_kpmg_0084,global_revenue_service_line,KPMG,ent_kpmg_global,KPMG global organization,global_network,Global,,,Audit,audit_assurance_attest,,,,2023-10-01,2024-09-30,FY2024,2024,,US$13.3 billion,13.3,,,US$ billion,USD,billion,USD,13300000000,13300000000,,,,,reported,reported,Source-defined global member-firm revenue component.,,,,,,src_kpmg_fy25,Embedded Revenue Function table,FY24 Audit 13.3,embedded_infogram_json,3,4,,true,obs_kpmg_0081,Restated continuing-operations comparison.
obs_kpmg_0085,global_revenue_service_line,KPMG,ent_kpmg_global,KPMG global organization,global_network,Global,,,Tax & Legal Services,tax_legal,,,,2023-10-01,2024-09-30,FY2024,2024,,US$8.6 billion,8.6,,,US$ billion,USD,billion,USD,8600000000,8600000000,,,,,reported,reported,Source-defined global member-firm revenue component.,,,,,,src_kpmg_fy25,Embedded Revenue Function table,FY24 Tax & Legal Services 8.6,embedded_infogram_json,3,4,,true,obs_kpmg_0082,Restated continuing-operations comparison.
obs_kpmg_0089,global_revenue_service_line,KPMG,ent_kpmg_global,KPMG global organization,global_network,Global,,,Advisory,combined_not_separable,,,,2024-10-01,2025-09-30,FY2025,2025,,US$16.4 billion,16.4,,,US$ billion,USD,billion,USD,16399999999.9999980927,16399999999.9999980927,,,,,reported,reported,Source-defined global member-firm revenue component.,,,,,,src_kpmg_fy25,Embedded Revenue Function table,FY25 Advisory 16.4,embedded_infogram_json,3,4,,false,,
obs_kpmg_0087,global_revenue_service_line,KPMG,ent_kpmg_global,KPMG global organization,global_network,Global,,,Audit,audit_assurance_attest,,,,2024-10-01,2025-09-30,FY2025,2025,,US$14.1 billion,14.1,,,US$ billion,USD,billion,USD,14100000000,14100000000,,,,,reported,reported,Source-defined global member-firm revenue component.,,,,,,src_kpmg_fy25,Embedded Revenue Function table,FY25 Audit 14.1,embedded_infogram_json,3,4,,false,,
obs_kpmg_0088,global_revenue_service_line,KPMG,ent_kpmg_global,KPMG global organization,global_network,Global,,,Tax & Legal,tax_legal,,,,2024-10-01,2025-09-30,FY2025,2025,,US$9.3 billion,9.3,,,US$ billion,USD,billion,USD,9300000000,9300000000,,,,,reported,reported,Source-defined global member-firm revenue component.,,,,,,src_kpmg_fy25,Embedded Revenue Function table,FY25 Tax & Legal 9.3,embedded_infogram_json,3,4,,false,,
